Reference,MPN,Footprint,Pin,Function,Expected net,Pad X mm,Pad Y mm,Pad width mm,Pad height mm,Manufacturer source
J1,TYPE-C-31-M-12,hub-lib:USB_C_Receptacle_HRO_TYPE-C-31-M-12,A1,GND,GND1,-3.25,-4.045,0.6,1.45,https://datasheet.lcsc.com/datasheet/pdf/9e56b777c022540fcce7c7f67825f55e.pdf?productCode=C165948
J1,TYPE-C-31-M-12,hub-lib:USB_C_Receptacle_HRO_TYPE-C-31-M-12,A12,GND,GND1,3.25,-4.045,0.6,1.45,https://datasheet.lcsc.com/datasheet/pdf/9e56b777c022540fcce7c7f67825f55e.pdf?productCode=C165948
J1,TYPE-C-31-M-12,hub-lib:USB_C_Receptacle_HRO_TYPE-C-31-M-12,B1,GND,GND1,3.25,-4.045,0.6,1.45,https://datasheet.lcsc.com/datasheet/pdf/9e56b777c022540fcce7c7f67825f55e.pdf?productCode=C165948
J1,TYPE-C-31-M-12,hub-lib:USB_C_Receptacle_HRO_TYPE-C-31-M-12,B12,GND,GND1,-3.25,-4.045,0.6,1.45,https://datasheet.lcsc.com/datasheet/pdf/9e56b777c022540fcce7c7f67825f55e.pdf?productCode=C165948
J1,TYPE-C-31-M-12,hub-lib:USB_C_Receptacle_HRO_TYPE-C-31-M-12,SH,SHIELD,GND1,-4.32,-3.13,1,2.1,https://datasheet.lcsc.com/datasheet/pdf/9e56b777c022540fcce7c7f67825f55e.pdf?productCode=C165948
J1,TYPE-C-31-M-12,hub-lib:USB_C_Receptacle_HRO_TYPE-C-31-M-12,SH,SHIELD,GND1,-4.32,1.05,1,1.6,https://datasheet.lcsc.com/datasheet/pdf/9e56b777c022540fcce7c7f67825f55e.pdf?productCode=C165948
J1,TYPE-C-31-M-12,hub-lib:USB_C_Receptacle_HRO_TYPE-C-31-M-12,SH,SHIELD,GND1,4.32,-3.13,1,2.1,https://datasheet.lcsc.com/datasheet/pdf/9e56b777c022540fcce7c7f67825f55e.pdf?productCode=C165948
J1,TYPE-C-31-M-12,hub-lib:USB_C_Receptacle_HRO_TYPE-C-31-M-12,SH,SHIELD,GND1,4.32,1.05,1,1.6,https://datasheet.lcsc.com/datasheet/pdf/9e56b777c022540fcce7c7f67825f55e.pdf?productCode=C165948
J1,TYPE-C-31-M-12,hub-lib:USB_C_Receptacle_HRO_TYPE-C-31-M-12,A4,VBUS,VBUS_HOST,-2.45,-4.045,0.6,1.45,https://datasheet.lcsc.com/datasheet/pdf/9e56b777c022540fcce7c7f67825f55e.pdf?productCode=C165948
J1,TYPE-C-31-M-12,hub-lib:USB_C_Receptacle_HRO_TYPE-C-31-M-12,A9,VBUS,VBUS_HOST,2.45,-4.045,0.6,1.45,https://datasheet.lcsc.com/datasheet/pdf/9e56b777c022540fcce7c7f67825f55e.pdf?productCode=C165948
J1,TYPE-C-31-M-12,hub-lib:USB_C_Receptacle_HRO_TYPE-C-31-M-12,B4,VBUS,VBUS_HOST,2.45,-4.045,0.6,1.45,https://datasheet.lcsc.com/datasheet/pdf/9e56b777c022540fcce7c7f67825f55e.pdf?productCode=C165948
J1,TYPE-C-31-M-12,hub-lib:USB_C_Receptacle_HRO_TYPE-C-31-M-12,B9,VBUS,VBUS_HOST,-2.45,-4.045,0.6,1.45,https://datasheet.lcsc.com/datasheet/pdf/9e56b777c022540fcce7c7f67825f55e.pdf?productCode=C165948
J1,TYPE-C-31-M-12,hub-lib:USB_C_Receptacle_HRO_TYPE-C-31-M-12,A5,CC1,HOST_CC1,-1.25,-4.045,0.3,1.45,https://datasheet.lcsc.com/datasheet/pdf/9e56b777c022540fcce7c7f67825f55e.pdf?productCode=C165948
J1,TYPE-C-31-M-12,hub-lib:USB_C_Receptacle_HRO_TYPE-C-31-M-12,B5,CC2,HOST_CC2,1.75,-4.045,0.3,1.45,https://datasheet.lcsc.com/datasheet/pdf/9e56b777c022540fcce7c7f67825f55e.pdf?productCode=C165948
J1,TYPE-C-31-M-12,hub-lib:USB_C_Receptacle_HRO_TYPE-C-31-M-12,A8,SBU1,NC,1.25,-4.045,0.3,1.45,https://datasheet.lcsc.com/datasheet/pdf/9e56b777c022540fcce7c7f67825f55e.pdf?productCode=C165948
J1,TYPE-C-31-M-12,hub-lib:USB_C_Receptacle_HRO_TYPE-C-31-M-12,B8,SBU2,NC,-1.75,-4.045,0.3,1.45,https://datasheet.lcsc.com/datasheet/pdf/9e56b777c022540fcce7c7f67825f55e.pdf?productCode=C165948
J1,TYPE-C-31-M-12,hub-lib:USB_C_Receptacle_HRO_TYPE-C-31-M-12,A6,D+,HOST_D+,-0.25,-4.045,0.3,1.45,https://datasheet.lcsc.com/datasheet/pdf/9e56b777c022540fcce7c7f67825f55e.pdf?productCode=C165948
J1,TYPE-C-31-M-12,hub-lib:USB_C_Receptacle_HRO_TYPE-C-31-M-12,B6,D+,HOST_D+,0.75,-4.045,0.3,1.45,https://datasheet.lcsc.com/datasheet/pdf/9e56b777c022540fcce7c7f67825f55e.pdf?productCode=C165948
J1,TYPE-C-31-M-12,hub-lib:USB_C_Receptacle_HRO_TYPE-C-31-M-12,A7,D-,HOST_D-,0.25,-4.045,0.3,1.45,https://datasheet.lcsc.com/datasheet/pdf/9e56b777c022540fcce7c7f67825f55e.pdf?productCode=C165948
J1,TYPE-C-31-M-12,hub-lib:USB_C_Receptacle_HRO_TYPE-C-31-M-12,B7,D-,HOST_D-,-0.75,-4.045,0.3,1.45,https://datasheet.lcsc.com/datasheet/pdf/9e56b777c022540fcce7c7f67825f55e.pdf?productCode=C165948
U2,USBLC6-2SC6,hub-lib:SOT-23-6,1,I/O1,HOST_D-,-1.1375,-0.95,1.325,0.6,https://www.st.com/resource/en/datasheet/usblc6-2.pdf
U2,USBLC6-2SC6,hub-lib:SOT-23-6,6,I/O1,HOST_D-,1.1375,-0.95,1.325,0.6,https://www.st.com/resource/en/datasheet/usblc6-2.pdf
U2,USBLC6-2SC6,hub-lib:SOT-23-6,3,I/O2,HOST_D+,-1.1375,0.95,1.325,0.6,https://www.st.com/resource/en/datasheet/usblc6-2.pdf
U2,USBLC6-2SC6,hub-lib:SOT-23-6,4,I/O2,HOST_D+,1.1375,0.95,1.325,0.6,https://www.st.com/resource/en/datasheet/usblc6-2.pdf
U2,USBLC6-2SC6,hub-lib:SOT-23-6,2,GND,GND1,-1.1375,0,1.325,0.6,https://www.st.com/resource/en/datasheet/usblc6-2.pdf
U2,USBLC6-2SC6,hub-lib:SOT-23-6,5,VBUS,VBUS_HOST,1.1375,0,1.325,0.6,https://www.st.com/resource/en/datasheet/usblc6-2.pdf
C1,GRM155R71H104KE14D,hub-lib:C_0402_1005Metric,1,,VBUS_HOST,-0.48,0,0.56,0.62,https://www.murata.com/en-global/products/productdetail?partno=GRM155R71H104KE14%23
C1,GRM155R71H104KE14D,hub-lib:C_0402_1005Metric,2,,GND1,0.48,0,0.56,0.62,https://www.murata.com/en-global/products/productdetail?partno=GRM155R71H104KE14%23
C2,GRM188R61E105KA12D,hub-lib:C_0603_1608Metric,1,,VBUS_HOST,-0.775,0,0.9,0.95,https://www.murata.com/en-global/products/productdetail?partno=GRM188R61E105KA12%23
C2,GRM188R61E105KA12D,hub-lib:C_0603_1608Metric,2,,GND1,0.775,0,0.9,0.95,https://www.murata.com/en-global/products/productdetail?partno=GRM188R61E105KA12%23
U22,TLV75533PDBVR,hub-lib:SOT-23-5,1,IN,VBUS_HOST,-1.1375,-0.95,1.325,0.6,https://www.ti.com/lit/ds/symlink/tlv755p.pdf
U22,TLV75533PDBVR,hub-lib:SOT-23-5,2,GND,GND1,-1.1375,0,1.325,0.6,https://www.ti.com/lit/ds/symlink/tlv755p.pdf
U22,TLV75533PDBVR,hub-lib:SOT-23-5,3,EN,VBUS_HOST,-1.1375,0.95,1.325,0.6,https://www.ti.com/lit/ds/symlink/tlv755p.pdf
U22,TLV75533PDBVR,hub-lib:SOT-23-5,4,NC,NC,1.1375,0.95,1.325,0.6,https://www.ti.com/lit/ds/symlink/tlv755p.pdf
U22,TLV75533PDBVR,hub-lib:SOT-23-5,5,OUT,HOST_3V3,1.1375,-0.95,1.325,0.6,https://www.ti.com/lit/ds/symlink/tlv755p.pdf
C61,GRM188R61E105KA12D,hub-lib:C_0603_1608Metric,1,,HOST_3V3,-0.775,0,0.9,0.95,https://www.murata.com/en-global/products/productdetail?partno=GRM188R61E105KA12%23
C61,GRM188R61E105KA12D,hub-lib:C_0603_1608Metric,2,,GND1,0.775,0,0.9,0.95,https://www.murata.com/en-global/products/productdetail?partno=GRM188R61E105KA12%23
U3,TUSB320LAIRWBR,hub-lib:Texas_X2QFN-12_1.6x1.6mm_P0.4mm,1,CC1,HOST_CC1,-0.725,-0.2,0.85,0.2,https://www.ti.com/lit/ds/symlink/tusb320lai.pdf
U3,TUSB320LAIRWBR,hub-lib:Texas_X2QFN-12_1.6x1.6mm_P0.4mm,2,CC2,HOST_CC2,-0.725,0.2,0.85,0.2,https://www.ti.com/lit/ds/symlink/tusb320lai.pdf
U3,TUSB320LAIRWBR,hub-lib:Texas_X2QFN-12_1.6x1.6mm_P0.4mm,3,PORT,GND1,-0.6,0.825,0.2,0.65,https://www.ti.com/lit/ds/symlink/tusb320lai.pdf
U3,TUSB320LAIRWBR,hub-lib:Texas_X2QFN-12_1.6x1.6mm_P0.4mm,4,VBUS_DET,HOST_VDET,-0.2,0.825,0.2,0.65,https://www.ti.com/lit/ds/symlink/tusb320lai.pdf
U3,TUSB320LAIRWBR,hub-lib:Texas_X2QFN-12_1.6x1.6mm_P0.4mm,5,ADDR,NC,0.2,0.825,0.2,0.65,https://www.ti.com/lit/ds/symlink/tusb320lai.pdf
U3,TUSB320LAIRWBR,hub-lib:Texas_X2QFN-12_1.6x1.6mm_P0.4mm,6,OUT3,NC,0.6,0.825,0.2,0.65,https://www.ti.com/lit/ds/symlink/tusb320lai.pdf
U3,TUSB320LAIRWBR,hub-lib:Texas_X2QFN-12_1.6x1.6mm_P0.4mm,7,OUT1,HOST_OUT1,0.725,0.2,0.85,0.2,https://www.ti.com/lit/ds/symlink/tusb320lai.pdf
U3,TUSB320LAIRWBR,hub-lib:Texas_X2QFN-12_1.6x1.6mm_P0.4mm,8,OUT2,HOST_OUT2,0.725,-0.2,0.85,0.2,https://www.ti.com/lit/ds/symlink/tusb320lai.pdf
U3,TUSB320LAIRWBR,hub-lib:Texas_X2QFN-12_1.6x1.6mm_P0.4mm,9,ID,NC,0.6,-0.825,0.2,0.65,https://www.ti.com/lit/ds/symlink/tusb320lai.pdf
U3,TUSB320LAIRWBR,hub-lib:Texas_X2QFN-12_1.6x1.6mm_P0.4mm,10,GND,GND1,0.2,-0.825,0.2,0.65,https://www.ti.com/lit/ds/symlink/tusb320lai.pdf
U3,TUSB320LAIRWBR,hub-lib:Texas_X2QFN-12_1.6x1.6mm_P0.4mm,11,EN_N,GND1,-0.2,-0.825,0.2,0.65,https://www.ti.com/lit/ds/symlink/tusb320lai.pdf
U3,TUSB320LAIRWBR,hub-lib:Texas_X2QFN-12_1.6x1.6mm_P0.4mm,12,VDD,HOST_3V3,-0.6,-0.825,0.2,0.65,https://www.ti.com/lit/ds/symlink/tusb320lai.pdf
R1,ERJ2RKF9093X,hub-lib:R_0402_1005Metric,1,,VBUS_HOST,-0.51,0,0.54,0.64,https://industrial.panasonic.com/cdbs/www-data/pdf/RDA0000/AOA0000C307.pdf
R1,ERJ2RKF9093X,hub-lib:R_0402_1005Metric,2,,HOST_VDET,0.51,0,0.54,0.64,https://industrial.panasonic.com/cdbs/www-data/pdf/RDA0000/AOA0000C307.pdf
R2,ERJ2RKF1002X,hub-lib:R_0402_1005Metric,1,,HOST_3V3,-0.51,0,0.54,0.64,https://industrial.panasonic.com/cdbs/www-data/pdf/RDA0000/AOA0000C307.pdf
R2,ERJ2RKF1002X,hub-lib:R_0402_1005Metric,2,,HOST_OUT1,0.51,0,0.54,0.64,https://industrial.panasonic.com/cdbs/www-data/pdf/RDA0000/AOA0000C307.pdf
R3,ERJ2RKF1002X,hub-lib:R_0402_1005Metric,1,,HOST_3V3,-0.51,0,0.54,0.64,https://industrial.panasonic.com/cdbs/www-data/pdf/RDA0000/AOA0000C307.pdf
R3,ERJ2RKF1002X,hub-lib:R_0402_1005Metric,2,,HOST_OUT2,0.51,0,0.54,0.64,https://industrial.panasonic.com/cdbs/www-data/pdf/RDA0000/AOA0000C307.pdf
C7,GRM155R71H104KE14D,hub-lib:C_0402_1005Metric,1,,HOST_3V3,-0.48,0,0.56,0.62,https://www.murata.com/en-global/products/productdetail?partno=GRM155R71H104KE14%23
C7,GRM155R71H104KE14D,hub-lib:C_0402_1005Metric,2,,GND1,0.48,0,0.56,0.62,https://www.murata.com/en-global/products/productdetail?partno=GRM155R71H104KE14%23
U24,SN74LVC1G04DBVR,hub-lib:SOT-23-5,1,NC,NC,-1.1375,-0.95,1.325,0.6,https://www.ti.com/lit/ds/symlink/sn74lvc1g04.pdf
U24,SN74LVC1G04DBVR,hub-lib:SOT-23-5,2,,HOST_OUT1,-1.1375,0,1.325,0.6,https://www.ti.com/lit/ds/symlink/sn74lvc1g04.pdf
U24,SN74LVC1G04DBVR,hub-lib:SOT-23-5,3,GND,GND1,-1.1375,0.95,1.325,0.6,https://www.ti.com/lit/ds/symlink/sn74lvc1g04.pdf
U24,SN74LVC1G04DBVR,hub-lib:SOT-23-5,4,,HOST_PWR_OK,1.1375,0.95,1.325,0.6,https://www.ti.com/lit/ds/symlink/sn74lvc1g04.pdf
U24,SN74LVC1G04DBVR,hub-lib:SOT-23-5,5,VCC,HOST_3V3,1.1375,-0.95,1.325,0.6,https://www.ti.com/lit/ds/symlink/sn74lvc1g04.pdf
C8,GRM155R71H104KE14D,hub-lib:C_0402_1005Metric,1,,HOST_3V3,-0.48,0,0.56,0.62,https://www.murata.com/en-global/products/productdetail?partno=GRM155R71H104KE14%23
C8,GRM155R71H104KE14D,hub-lib:C_0402_1005Metric,2,,GND1,0.48,0,0.56,0.62,https://www.murata.com/en-global/products/productdetail?partno=GRM155R71H104KE14%23
R4,ERJ2RKF1003X,hub-lib:R_0402_1005Metric,1,,HOST_PWR_OK,-0.51,0,0.54,0.64,https://industrial.panasonic.com/cdbs/www-data/pdf/RDA0000/AOA0000C307.pdf
R4,ERJ2RKF1003X,hub-lib:R_0402_1005Metric,2,,GND1,0.51,0,0.54,0.64,https://industrial.panasonic.com/cdbs/www-data/pdf/RDA0000/AOA0000C307.pdf
U26,TPS2553DBVR,hub-lib:SOT-23-6,1,IN,VBUS_HOST,-1.1375,-0.95,1.325,0.6,https://www.ti.com/lit/ds/symlink/tps2553.pdf
U26,TPS2553DBVR,hub-lib:SOT-23-6,2,GND,GND1,-1.1375,0,1.325,0.6,https://www.ti.com/lit/ds/symlink/tps2553.pdf
U26,TPS2553DBVR,hub-lib:SOT-23-6,3,EN,HOST_PWR_OK,-1.1375,0.95,1.325,0.6,https://www.ti.com/lit/ds/symlink/tps2553.pdf
U26,TPS2553DBVR,hub-lib:SOT-23-6,4,~{FAULT},HOST_LIMIT_N,1.1375,0.95,1.325,0.6,https://www.ti.com/lit/ds/symlink/tps2553.pdf
U26,TPS2553DBVR,hub-lib:SOT-23-6,5,ILIM,HOST_ILIM,1.1375,0,1.325,0.6,https://www.ti.com/lit/ds/symlink/tps2553.pdf
U26,TPS2553DBVR,hub-lib:SOT-23-6,6,OUT,HOST_CONVERTER_5V,1.1375,-0.95,1.325,0.6,https://www.ti.com/lit/ds/symlink/tps2553.pdf
R5,ERJ2RKF2872X,hub-lib:R_0402_1005Metric,1,,HOST_ILIM,-0.51,0,0.54,0.64,https://industrial.panasonic.com/cdbs/www-data/pdf/RDA0000/AOA0000C307.pdf
R5,ERJ2RKF2872X,hub-lib:R_0402_1005Metric,2,,GND1,0.51,0,0.54,0.64,https://industrial.panasonic.com/cdbs/www-data/pdf/RDA0000/AOA0000C307.pdf
R6,ERJ2RKF1002X,hub-lib:R_0402_1005Metric,1,,HOST_3V3,-0.51,0,0.54,0.64,https://industrial.panasonic.com/cdbs/www-data/pdf/RDA0000/AOA0000C307.pdf
R6,ERJ2RKF1002X,hub-lib:R_0402_1005Metric,2,,HOST_LIMIT_N,0.51,0,0.54,0.64,https://industrial.panasonic.com/cdbs/www-data/pdf/RDA0000/AOA0000C307.pdf
C62,GRM155R71H104KE14D,hub-lib:C_0402_1005Metric,1,,VBUS_HOST,-0.48,0,0.56,0.62,https://www.murata.com/en-global/products/productdetail?partno=GRM155R71H104KE14%23
C62,GRM155R71H104KE14D,hub-lib:C_0402_1005Metric,2,,GND1,0.48,0,0.56,0.62,https://www.murata.com/en-global/products/productdetail?partno=GRM155R71H104KE14%23
TP1,,hub-lib:TestPoint_Pad_D1.0mm,1,1,HOST_PWR_OK,0,0,1,1,
TP2,,hub-lib:TestPoint_Pad_D1.0mm,1,1,HOST_LIMIT_N,0,0,1,1,
U45,TLV62568DBVR,hub-lib:SOT-23-5,1,EN,VBUS_HOST,-1.1375,-0.95,1.325,0.6,https://www.ti.com/lit/ds/symlink/tlv62568.pdf
U45,TLV62568DBVR,hub-lib:SOT-23-5,2,GND,GND1,-1.1375,0,1.325,0.6,https://www.ti.com/lit/ds/symlink/tlv62568.pdf
U45,TLV62568DBVR,hub-lib:SOT-23-5,3,SW,HOST18_SW,-1.1375,0.95,1.325,0.6,https://www.ti.com/lit/ds/symlink/tlv62568.pdf
U45,TLV62568DBVR,hub-lib:SOT-23-5,4,VIN,VBUS_HOST,1.1375,0.95,1.325,0.6,https://www.ti.com/lit/ds/symlink/tlv62568.pdf
U45,TLV62568DBVR,hub-lib:SOT-23-5,5,FB,HOST18_FB,1.1375,-0.95,1.325,0.6,https://www.ti.com/lit/ds/symlink/tlv62568.pdf
L4,XFL4020-222MEC,hub-lib:Coilcraft_XFL4020_4x4mm,1,1,HOST18_SW,-1.7,0,0.98,2.37,https://www.coilcraft.com/getmedia/50632d43-da1b-4cdb-8ab4-3029cab51df3/xfl4020.pdf
L4,XFL4020-222MEC,hub-lib:Coilcraft_XFL4020_4x4mm,2,2,U1_1V8_HOST,1.7,0,0.98,2.37,https://www.coilcraft.com/getmedia/50632d43-da1b-4cdb-8ab4-3029cab51df3/xfl4020.pdf
C113,GRM21BR61E475KA12L,hub-lib:C_0805_2012Metric,1,,VBUS_HOST,-0.95,0,1,1.45,https://www.murata.com/en-global/products/productdetail?partno=GRM21BR61E475KA12%23
C113,GRM21BR61E475KA12L,hub-lib:C_0805_2012Metric,2,,GND1,0.95,0,1,1.45,https://www.murata.com/en-global/products/productdetail?partno=GRM21BR61E475KA12%23
C114,GRM32ER71E226KE15L,hub-lib:C_1210_3225Metric,1,,U1_1V8_HOST,-1.475,0,1.15,2.7,https://www.murata.com/en-global/products/productdetail?partno=GRM32ER71E226KE15%23
C114,GRM32ER71E226KE15L,hub-lib:C_1210_3225Metric,2,,GND1,1.475,0,1.15,2.7,https://www.murata.com/en-global/products/productdetail?partno=GRM32ER71E226KE15%23
R114,ERJ2RKF2003X,hub-lib:R_0402_1005Metric,1,,U1_1V8_HOST,-0.51,0,0.54,0.64,https://industrial.panasonic.com/cdbs/www-data/pdf/RDA0000/AOA0000C307.pdf
R114,ERJ2RKF2003X,hub-lib:R_0402_1005Metric,2,,HOST18_FB,0.51,0,0.54,0.64,https://industrial.panasonic.com/cdbs/www-data/pdf/RDA0000/AOA0000C307.pdf
R115,ERJ2RKF1003X,hub-lib:R_0402_1005Metric,1,,HOST18_FB,-0.51,0,0.54,0.64,https://industrial.panasonic.com/cdbs/www-data/pdf/RDA0000/AOA0000C307.pdf
R115,ERJ2RKF1003X,hub-lib:R_0402_1005Metric,2,,GND1,0.51,0,0.54,0.64,https://industrial.panasonic.com/cdbs/www-data/pdf/RDA0000/AOA0000C307.pdf
U1,ISOUSB211DPR,hub-lib:TI_DP0028A-C02_HV_SSOP28_8.2mm_Clearance,1,VBUS1,VBUS_HOST,-4.925,-4.225,1.65,0.45,https://www.ti.com/lit/ds/symlink/isousb211.pdf
U1,ISOUSB211DPR,hub-lib:TI_DP0028A-C02_HV_SSOP28_8.2mm_Clearance,2,V3P3V1,U1_3V3_HOST,-4.925,-3.575,1.65,0.45,https://www.ti.com/lit/ds/symlink/isousb211.pdf
U1,ISOUSB211DPR,hub-lib:TI_DP0028A-C02_HV_SSOP28_8.2mm_Clearance,3,GND1,GND1,-4.925,-2.925,1.65,0.45,https://www.ti.com/lit/ds/symlink/isousb211.pdf
U1,ISOUSB211DPR,hub-lib:TI_DP0028A-C02_HV_SSOP28_8.2mm_Clearance,4,V1P8V1,U1_1V8_HOST,-4.925,-2.275,1.65,0.45,https://www.ti.com/lit/ds/symlink/isousb211.pdf
U1,ISOUSB211DPR,hub-lib:TI_DP0028A-C02_HV_SSOP28_8.2mm_Clearance,5,VCC1,U1_1V8_HOST,-4.925,-1.625,1.65,0.45,https://www.ti.com/lit/ds/symlink/isousb211.pdf
U1,ISOUSB211DPR,hub-lib:TI_DP0028A-C02_HV_SSOP28_8.2mm_Clearance,6,V2OK,ISO_SIDE_OK,-4.925,-0.975,1.65,0.45,https://www.ti.com/lit/ds/symlink/isousb211.pdf
U1,ISOUSB211DPR,hub-lib:TI_DP0028A-C02_HV_SSOP28_8.2mm_Clearance,7,UD-,HOST_D-,-4.925,-0.325,1.65,0.45,https://www.ti.com/lit/ds/symlink/isousb211.pdf
U1,ISOUSB211DPR,hub-lib:TI_DP0028A-C02_HV_SSOP28_8.2mm_Clearance,8,UD+,HOST_D+,-4.925,0.325,1.65,0.45,https://www.ti.com/lit/ds/symlink/isousb211.pdf
U1,ISOUSB211DPR,hub-lib:TI_DP0028A-C02_HV_SSOP28_8.2mm_Clearance,9,EQ10,EQ10,-4.925,0.975,1.65,0.45,https://www.ti.com/lit/ds/symlink/isousb211.pdf
U1,ISOUSB211DPR,hub-lib:TI_DP0028A-C02_HV_SSOP28_8.2mm_Clearance,10,EQ11,EQ11,-4.925,1.625,1.65,0.45,https://www.ti.com/lit/ds/symlink/isousb211.pdf
U1,ISOUSB211DPR,hub-lib:TI_DP0028A-C02_HV_SSOP28_8.2mm_Clearance,11,V1P8V1,U1_1V8_HOST,-4.925,2.275,1.65,0.45,https://www.ti.com/lit/ds/symlink/isousb211.pdf
U1,ISOUSB211DPR,hub-lib:TI_DP0028A-C02_HV_SSOP28_8.2mm_Clearance,12,GND1,GND1,-4.925,2.925,1.65,0.45,https://www.ti.com/lit/ds/symlink/isousb211.pdf
U1,ISOUSB211DPR,hub-lib:TI_DP0028A-C02_HV_SSOP28_8.2mm_Clearance,13,CDPENZ1,U1_3V3_HOST,-4.925,3.575,1.65,0.45,https://www.ti.com/lit/ds/symlink/isousb211.pdf
U1,ISOUSB211DPR,hub-lib:TI_DP0028A-C02_HV_SSOP28_8.2mm_Clearance,14,NC,NC,-4.925,4.225,1.65,0.45,https://www.ti.com/lit/ds/symlink/isousb211.pdf
U1,ISOUSB211DPR,hub-lib:TI_DP0028A-C02_HV_SSOP28_8.2mm_Clearance,15,NC,NC,4.925,4.225,1.65,0.45,https://www.ti.com/lit/ds/symlink/isousb211.pdf
U1,ISOUSB211DPR,hub-lib:TI_DP0028A-C02_HV_SSOP28_8.2mm_Clearance,16,CDPENZ2,ISO_3V3,4.925,3.575,1.65,0.45,https://www.ti.com/lit/ds/symlink/isousb211.pdf
U1,ISOUSB211DPR,hub-lib:TI_DP0028A-C02_HV_SSOP28_8.2mm_Clearance,17,GND2,GND2,4.925,2.925,1.65,0.45,https://www.ti.com/lit/ds/symlink/isousb211.pdf
U1,ISOUSB211DPR,hub-lib:TI_DP0028A-C02_HV_SSOP28_8.2mm_Clearance,18,V1P8V2,U1_1V8_ISO,4.925,2.275,1.65,0.45,https://www.ti.com/lit/ds/symlink/isousb211.pdf
U1,ISOUSB211DPR,hub-lib:TI_DP0028A-C02_HV_SSOP28_8.2mm_Clearance,19,EQ21,EQ21,4.925,1.625,1.65,0.45,https://www.ti.com/lit/ds/symlink/isousb211.pdf
U1,ISOUSB211DPR,hub-lib:TI_DP0028A-C02_HV_SSOP28_8.2mm_Clearance,20,EQ20,EQ20,4.925,0.975,1.65,0.45,https://www.ti.com/lit/ds/symlink/isousb211.pdf
U1,ISOUSB211DPR,hub-lib:TI_DP0028A-C02_HV_SSOP28_8.2mm_Clearance,21,DD+,HUB_UP_D+,4.925,0.325,1.65,0.45,https://www.ti.com/lit/ds/symlink/isousb211.pdf
U1,ISOUSB211DPR,hub-lib:TI_DP0028A-C02_HV_SSOP28_8.2mm_Clearance,22,DD-,HUB_UP_D-,4.925,-0.325,1.65,0.45,https://www.ti.com/lit/ds/symlink/isousb211.pdf
U1,ISOUSB211DPR,hub-lib:TI_DP0028A-C02_HV_SSOP28_8.2mm_Clearance,23,V1OK,HOST_PRESENT,4.925,-0.975,1.65,0.45,https://www.ti.com/lit/ds/symlink/isousb211.pdf
U1,ISOUSB211DPR,hub-lib:TI_DP0028A-C02_HV_SSOP28_8.2mm_Clearance,24,VCC2,ISO_3V3,4.925,-1.625,1.65,0.45,https://www.ti.com/lit/ds/symlink/isousb211.pdf
U1,ISOUSB211DPR,hub-lib:TI_DP0028A-C02_HV_SSOP28_8.2mm_Clearance,25,V1P8V2,U1_1V8_ISO,4.925,-2.275,1.65,0.45,https://www.ti.com/lit/ds/symlink/isousb211.pdf
U1,ISOUSB211DPR,hub-lib:TI_DP0028A-C02_HV_SSOP28_8.2mm_Clearance,26,GND2,GND2,4.925,-2.925,1.65,0.45,https://www.ti.com/lit/ds/symlink/isousb211.pdf
U1,ISOUSB211DPR,hub-lib:TI_DP0028A-C02_HV_SSOP28_8.2mm_Clearance,27,V3P3V2,ISO_3V3,4.925,-3.575,1.65,0.45,https://www.ti.com/lit/ds/symlink/isousb211.pdf
U1,ISOUSB211DPR,hub-lib:TI_DP0028A-C02_HV_SSOP28_8.2mm_Clearance,28,VBUS2,ISO_3V3,4.925,-4.225,1.65,0.45,https://www.ti.com/lit/ds/symlink/isousb211.pdf
C3,GRM188R61E105KA12D,hub-lib:C_0603_1608Metric,1,,VBUS_HOST,-0.775,0,0.9,0.95,https://www.murata.com/en-global/products/productdetail?partno=GRM188R61E105KA12%23
C3,GRM188R61E105KA12D,hub-lib:C_0603_1608Metric,2,,GND1,0.775,0,0.9,0.95,https://www.murata.com/en-global/products/productdetail?partno=GRM188R61E105KA12%23
C4,GRM155R71H104KE14D,hub-lib:C_0402_1005Metric,1,,U1_3V3_HOST,-0.48,0,0.56,0.62,https://www.murata.com/en-global/products/productdetail?partno=GRM155R71H104KE14%23
C4,GRM155R71H104KE14D,hub-lib:C_0402_1005Metric,2,,GND1,0.48,0,0.56,0.62,https://www.murata.com/en-global/products/productdetail?partno=GRM155R71H104KE14%23
C28,GRM188R61E105KA12D,hub-lib:C_0603_1608Metric,1,,ISO_3V3,-0.775,0,0.9,0.95,https://www.murata.com/en-global/products/productdetail?partno=GRM188R61E105KA12%23
C28,GRM188R61E105KA12D,hub-lib:C_0603_1608Metric,2,,GND2,0.775,0,0.9,0.95,https://www.murata.com/en-global/products/productdetail?partno=GRM188R61E105KA12%23
C29,GRM155R71H104KE14D,hub-lib:C_0402_1005Metric,1,,ISO_3V3,-0.48,0,0.56,0.62,https://www.murata.com/en-global/products/productdetail?partno=GRM155R71H104KE14%23
C29,GRM155R71H104KE14D,hub-lib:C_0402_1005Metric,2,,GND2,0.48,0,0.56,0.62,https://www.murata.com/en-global/products/productdetail?partno=GRM155R71H104KE14%23
C63,GRM155R71H104KE14D,hub-lib:C_0402_1005Metric,1,,U1_1V8_HOST,-0.48,0,0.56,0.62,https://www.murata.com/en-global/products/productdetail?partno=GRM155R71H104KE14%23
C63,GRM155R71H104KE14D,hub-lib:C_0402_1005Metric,2,,GND1,0.48,0,0.56,0.62,https://www.murata.com/en-global/products/productdetail?partno=GRM155R71H104KE14%23
C64,GRM188R61E105KA12D,hub-lib:C_0603_1608Metric,1,,ISO_3V3,-0.775,0,0.9,0.95,https://www.murata.com/en-global/products/productdetail?partno=GRM188R61E105KA12%23
C64,GRM188R61E105KA12D,hub-lib:C_0603_1608Metric,2,,GND2,0.775,0,0.9,0.95,https://www.murata.com/en-global/products/productdetail?partno=GRM188R61E105KA12%23
C65,GRM188R61E475KE11D,hub-lib:C_0603_1608Metric,1,,U1_1V8_HOST,-0.775,0,0.9,0.95,https://www.murata.com/en-global/products/productdetail?partno=GRM188R61E475KE11%23
C65,GRM188R61E475KE11D,hub-lib:C_0603_1608Metric,2,,GND1,0.775,0,0.9,0.95,https://www.murata.com/en-global/products/productdetail?partno=GRM188R61E475KE11%23
C66,GRM155R71H104KE14D,hub-lib:C_0402_1005Metric,1,,U1_1V8_HOST,-0.48,0,0.56,0.62,https://www.murata.com/en-global/products/productdetail?partno=GRM155R71H104KE14%23
C66,GRM155R71H104KE14D,hub-lib:C_0402_1005Metric,2,,GND1,0.48,0,0.56,0.62,https://www.murata.com/en-global/products/productdetail?partno=GRM155R71H104KE14%23
C67,GRM155R71H103KA88D,hub-lib:C_0402_1005Metric,1,,U1_1V8_HOST,-0.48,0,0.56,0.62,https://www.murata.com/en-global/products/productdetail?partno=GRM155R71H103KA88%23
C67,GRM155R71H103KA88D,hub-lib:C_0402_1005Metric,2,,GND1,0.48,0,0.56,0.62,https://www.murata.com/en-global/products/productdetail?partno=GRM155R71H103KA88%23
C68,GRM188R61E475KE11D,hub-lib:C_0603_1608Metric,1,,U1_1V8_HOST,-0.775,0,0.9,0.95,https://www.murata.com/en-global/products/productdetail?partno=GRM188R61E475KE11%23
C68,GRM188R61E475KE11D,hub-lib:C_0603_1608Metric,2,,GND1,0.775,0,0.9,0.95,https://www.murata.com/en-global/products/productdetail?partno=GRM188R61E475KE11%23
C69,GRM155R71H104KE14D,hub-lib:C_0402_1005Metric,1,,U1_1V8_HOST,-0.48,0,0.56,0.62,https://www.murata.com/en-global/products/productdetail?partno=GRM155R71H104KE14%23
C69,GRM155R71H104KE14D,hub-lib:C_0402_1005Metric,2,,GND1,0.48,0,0.56,0.62,https://www.murata.com/en-global/products/productdetail?partno=GRM155R71H104KE14%23
C70,GRM155R71H103KA88D,hub-lib:C_0402_1005Metric,1,,U1_1V8_HOST,-0.48,0,0.56,0.62,https://www.murata.com/en-global/products/productdetail?partno=GRM155R71H103KA88%23
C70,GRM155R71H103KA88D,hub-lib:C_0402_1005Metric,2,,GND1,0.48,0,0.56,0.62,https://www.murata.com/en-global/products/productdetail?partno=GRM155R71H103KA88%23
C71,GRM188R61E475KE11D,hub-lib:C_0603_1608Metric,1,,U1_1V8_ISO,-0.775,0,0.9,0.95,https://www.murata.com/en-global/products/productdetail?partno=GRM188R61E475KE11%23
C71,GRM188R61E475KE11D,hub-lib:C_0603_1608Metric,2,,GND2,0.775,0,0.9,0.95,https://www.murata.com/en-global/products/productdetail?partno=GRM188R61E475KE11%23
C72,GRM155R71H104KE14D,hub-lib:C_0402_1005Metric,1,,U1_1V8_ISO,-0.48,0,0.56,0.62,https://www.murata.com/en-global/products/productdetail?partno=GRM155R71H104KE14%23
C72,GRM155R71H104KE14D,hub-lib:C_0402_1005Metric,2,,GND2,0.48,0,0.56,0.62,https://www.murata.com/en-global/products/productdetail?partno=GRM155R71H104KE14%23
C73,GRM155R71H103KA88D,hub-lib:C_0402_1005Metric,1,,U1_1V8_ISO,-0.48,0,0.56,0.62,https://www.murata.com/en-global/products/productdetail?partno=GRM155R71H103KA88%23
C73,GRM155R71H103KA88D,hub-lib:C_0402_1005Metric,2,,GND2,0.48,0,0.56,0.62,https://www.murata.com/en-global/products/productdetail?partno=GRM155R71H103KA88%23
C74,GRM188R61E475KE11D,hub-lib:C_0603_1608Metric,1,,U1_1V8_ISO,-0.775,0,0.9,0.95,https://www.murata.com/en-global/products/productdetail?partno=GRM188R61E475KE11%23
C74,GRM188R61E475KE11D,hub-lib:C_0603_1608Metric,2,,GND2,0.775,0,0.9,0.95,https://www.murata.com/en-global/products/productdetail?partno=GRM188R61E475KE11%23
C75,GRM155R71H104KE14D,hub-lib:C_0402_1005Metric,1,,U1_1V8_ISO,-0.48,0,0.56,0.62,https://www.murata.com/en-global/products/productdetail?partno=GRM155R71H104KE14%23
C75,GRM155R71H104KE14D,hub-lib:C_0402_1005Metric,2,,GND2,0.48,0,0.56,0.62,https://www.murata.com/en-global/products/productdetail?partno=GRM155R71H104KE14%23
C76,GRM155R71H103KA88D,hub-lib:C_0402_1005Metric,1,,U1_1V8_ISO,-0.48,0,0.56,0.62,https://www.murata.com/en-global/products/productdetail?partno=GRM155R71H103KA88%23
C76,GRM155R71H103KA88D,hub-lib:C_0402_1005Metric,2,,GND2,0.48,0,0.56,0.62,https://www.murata.com/en-global/products/productdetail?partno=GRM155R71H103KA88%23
R51,ERJ2GE0R00X,hub-lib:R_0402_1005Metric,1,,EQ10,-0.51,0,0.54,0.64,https://industrial.panasonic.com/cdbs/www-data/pdf/RDA0000/AOA0000C307.pdf
R51,ERJ2GE0R00X,hub-lib:R_0402_1005Metric,2,,GND1,0.51,0,0.54,0.64,https://industrial.panasonic.com/cdbs/www-data/pdf/RDA0000/AOA0000C307.pdf
R52,ERJ2GE0R00X,hub-lib:R_0402_1005Metric,1,,EQ10,-0.51,0,0.54,0.64,https://industrial.panasonic.com/cdbs/www-data/pdf/RDA0000/AOA0000C307.pdf
R52,ERJ2GE0R00X,hub-lib:R_0402_1005Metric,2,,U1_3V3_HOST,0.51,0,0.54,0.64,https://industrial.panasonic.com/cdbs/www-data/pdf/RDA0000/AOA0000C307.pdf
R53,ERJ2GE0R00X,hub-lib:R_0402_1005Metric,1,,EQ11,-0.51,0,0.54,0.64,https://industrial.panasonic.com/cdbs/www-data/pdf/RDA0000/AOA0000C307.pdf
R53,ERJ2GE0R00X,hub-lib:R_0402_1005Metric,2,,GND1,0.51,0,0.54,0.64,https://industrial.panasonic.com/cdbs/www-data/pdf/RDA0000/AOA0000C307.pdf
R54,ERJ2GE0R00X,hub-lib:R_0402_1005Metric,1,,EQ11,-0.51,0,0.54,0.64,https://industrial.panasonic.com/cdbs/www-data/pdf/RDA0000/AOA0000C307.pdf
R54,ERJ2GE0R00X,hub-lib:R_0402_1005Metric,2,,U1_3V3_HOST,0.51,0,0.54,0.64,https://industrial.panasonic.com/cdbs/www-data/pdf/RDA0000/AOA0000C307.pdf
R55,ERJ2GE0R00X,hub-lib:R_0402_1005Metric,1,,EQ20,-0.51,0,0.54,0.64,https://industrial.panasonic.com/cdbs/www-data/pdf/RDA0000/AOA0000C307.pdf
R55,ERJ2GE0R00X,hub-lib:R_0402_1005Metric,2,,GND2,0.51,0,0.54,0.64,https://industrial.panasonic.com/cdbs/www-data/pdf/RDA0000/AOA0000C307.pdf
R56,ERJ2GE0R00X,hub-lib:R_0402_1005Metric,1,,EQ20,-0.51,0,0.54,0.64,https://industrial.panasonic.com/cdbs/www-data/pdf/RDA0000/AOA0000C307.pdf
R56,ERJ2GE0R00X,hub-lib:R_0402_1005Metric,2,,ISO_3V3,0.51,0,0.54,0.64,https://industrial.panasonic.com/cdbs/www-data/pdf/RDA0000/AOA0000C307.pdf
R57,ERJ2GE0R00X,hub-lib:R_0402_1005Metric,1,,EQ21,-0.51,0,0.54,0.64,https://industrial.panasonic.com/cdbs/www-data/pdf/RDA0000/AOA0000C307.pdf
R57,ERJ2GE0R00X,hub-lib:R_0402_1005Metric,2,,GND2,0.51,0,0.54,0.64,https://industrial.panasonic.com/cdbs/www-data/pdf/RDA0000/AOA0000C307.pdf
R58,ERJ2GE0R00X,hub-lib:R_0402_1005Metric,1,,EQ21,-0.51,0,0.54,0.64,https://industrial.panasonic.com/cdbs/www-data/pdf/RDA0000/AOA0000C307.pdf
R58,ERJ2GE0R00X,hub-lib:R_0402_1005Metric,2,,ISO_3V3,0.51,0,0.54,0.64,https://industrial.panasonic.com/cdbs/www-data/pdf/RDA0000/AOA0000C307.pdf
TP3,,hub-lib:TestPoint_Pad_D1.0mm,1,1,ISO_SIDE_OK,0,0,1,1,
TP4,,hub-lib:TestPoint_Pad_D1.0mm,1,1,HOST_PRESENT,0,0,1,1,
CY1,Q07F3Z102MA5B0S0N0,hub-lib:C_Disc_D7.0mm_W5.5mm_P14.00mm,1,,GND1,0,0,2,2,https://wmsc.lcsc.com/wmsc/upload/file/pdf/v2/lcsc/2111091030_STE-Songtian-Elec-Q07F3Z102MA5B0S0N0_C2914611.pdf
CY1,Q07F3Z102MA5B0S0N0,hub-lib:C_Disc_D7.0mm_W5.5mm_P14.00mm,2,,GND2,14,0,2,2,https://wmsc.lcsc.com/wmsc/upload/file/pdf/v2/lcsc/2111091030_STE-Songtian-Elec-Q07F3Z102MA5B0S0N0_C2914611.pdf
U5,SN6505BDBVR,hub-lib:SOT-23-6,1,D1,PRI_B,-1.1375,-0.95,1.325,0.6,https://www.ti.com/lit/ds/symlink/sn6505b.pdf
U5,SN6505BDBVR,hub-lib:SOT-23-6,2,VCC,HOST_CONVERTER_5V,-1.1375,0,1.325,0.6,https://www.ti.com/lit/ds/symlink/sn6505b.pdf
U5,SN6505BDBVR,hub-lib:SOT-23-6,3,D2,PRI_A,-1.1375,0.95,1.325,0.6,https://www.ti.com/lit/ds/symlink/sn6505b.pdf
U5,SN6505BDBVR,hub-lib:SOT-23-6,4,GND,GND1,1.1375,0.95,1.325,0.6,https://www.ti.com/lit/ds/symlink/sn6505b.pdf
U5,SN6505BDBVR,hub-lib:SOT-23-6,5,EN,HOST_CONVERTER_5V,1.1375,0,1.325,0.6,https://www.ti.com/lit/ds/symlink/sn6505b.pdf
U5,SN6505BDBVR,hub-lib:SOT-23-6,6,CLK,GND1,1.1375,-0.95,1.325,0.6,https://www.ti.com/lit/ds/symlink/sn6505b.pdf
T1,750313638,hub-lib:WE_750313638,1,N1,PRI_A,-5.655,-3.05,1.9,1.14,https://www.we-online.com/components/products/datasheet/750313638.pdf
T1,750313638,hub-lib:WE_750313638,2,CT1,HOST_CONVERTER_5V,-5.655,0,1.9,1.14,https://www.we-online.com/components/products/datasheet/750313638.pdf
T1,750313638,hub-lib:WE_750313638,3,N2,PRI_B,-5.655,3.05,1.9,1.14,https://www.we-online.com/components/products/datasheet/750313638.pdf
T1,750313638,hub-lib:WE_750313638,4,N4,SEC_B,5.655,3.05,1.9,1.14,https://www.we-online.com/components/products/datasheet/750313638.pdf
T1,750313638,hub-lib:WE_750313638,5,CT2,GND2,5.655,0,1.9,1.14,https://www.we-online.com/components/products/datasheet/750313638.pdf
T1,750313638,hub-lib:WE_750313638,6,N3,SEC_A,5.655,-3.05,1.9,1.14,https://www.we-online.com/components/products/datasheet/750313638.pdf
C10,GRM155R71H104KE14D,hub-lib:C_0402_1005Metric,1,,HOST_CONVERTER_5V,-0.48,0,0.56,0.62,https://www.murata.com/en-global/products/productdetail?partno=GRM155R71H104KE14%23
C10,GRM155R71H104KE14D,hub-lib:C_0402_1005Metric,2,,GND1,0.48,0,0.56,0.62,https://www.murata.com/en-global/products/productdetail?partno=GRM155R71H104KE14%23
C11,GRM188R61E475KE11D,hub-lib:C_0603_1608Metric,1,,HOST_CONVERTER_5V,-0.775,0,0.9,0.95,https://www.murata.com/en-global/products/productdetail?partno=GRM188R61E475KE11%23
C11,GRM188R61E475KE11D,hub-lib:C_0603_1608Metric,2,,GND1,0.775,0,0.9,0.95,https://www.murata.com/en-global/products/productdetail?partno=GRM188R61E475KE11%23
C12,GRM155R71H104KE14D,hub-lib:C_0402_1005Metric,1,,HOST_CONVERTER_5V,-0.48,0,0.56,0.62,https://www.murata.com/en-global/products/productdetail?partno=GRM155R71H104KE14%23
C12,GRM155R71H104KE14D,hub-lib:C_0402_1005Metric,2,,GND1,0.48,0,0.56,0.62,https://www.murata.com/en-global/products/productdetail?partno=GRM155R71H104KE14%23
D3,SS34,hub-lib:D_SMA,1,K,DCDC_RAW,-2,0,2.5,1.8,https://www.lcsc.com/datasheet/C8678.pdf
D3,SS34,hub-lib:D_SMA,2,A,SEC_A,2,0,2.5,1.8,https://www.lcsc.com/datasheet/C8678.pdf
D4,SS34,hub-lib:D_SMA,1,K,DCDC_RAW,-2,0,2.5,1.8,https://www.lcsc.com/datasheet/C8678.pdf
D4,SS34,hub-lib:D_SMA,2,A,SEC_B,2,0,2.5,1.8,https://www.lcsc.com/datasheet/C8678.pdf
C13,GRM32ER71E226KE15L,hub-lib:C_1210_3225Metric,1,,DCDC_RAW,-1.475,0,1.15,2.7,https://www.murata.com/en-global/products/productdetail?partno=GRM32ER71E226KE15%23
C13,GRM32ER71E226KE15L,hub-lib:C_1210_3225Metric,2,,GND2,1.475,0,1.15,2.7,https://www.murata.com/en-global/products/productdetail?partno=GRM32ER71E226KE15%23
C14,GRM155R71H104KE14D,hub-lib:C_0402_1005Metric,1,,DCDC_RAW,-0.48,0,0.56,0.62,https://www.murata.com/en-global/products/productdetail?partno=GRM155R71H104KE14%23
C14,GRM155R71H104KE14D,hub-lib:C_0402_1005Metric,2,,GND2,0.48,0,0.56,0.62,https://www.murata.com/en-global/products/productdetail?partno=GRM155R71H104KE14%23
C15,GRM32ER71E226KE15L,hub-lib:C_1210_3225Metric,1,,DCDC_RAW,-1.475,0,1.15,2.7,https://www.murata.com/en-global/products/productdetail?partno=GRM32ER71E226KE15%23
C15,GRM32ER71E226KE15L,hub-lib:C_1210_3225Metric,2,,GND2,1.475,0,1.15,2.7,https://www.murata.com/en-global/products/productdetail?partno=GRM32ER71E226KE15%23
C16,GRM32ER71E226KE15L,hub-lib:C_1210_3225Metric,1,,DCDC_RAW,-1.475,0,1.15,2.7,https://www.murata.com/en-global/products/productdetail?partno=GRM32ER71E226KE15%23
C16,GRM32ER71E226KE15L,hub-lib:C_1210_3225Metric,2,,GND2,1.475,0,1.15,2.7,https://www.murata.com/en-global/products/productdetail?partno=GRM32ER71E226KE15%23
C17,GRM155R71H104KE14D,hub-lib:C_0402_1005Metric,1,,DCDC_RAW,-0.48,0,0.56,0.62,https://www.murata.com/en-global/products/productdetail?partno=GRM155R71H104KE14%23
C17,GRM155R71H104KE14D,hub-lib:C_0402_1005Metric,2,,GND2,0.48,0,0.56,0.62,https://www.murata.com/en-global/products/productdetail?partno=GRM155R71H104KE14%23
U6,TPS630701RNMR,hub-lib:TPS630701RNM_VQFN-HR-15,1,PS/SYNC,BB_PS,-1.775,0.75,0.55,0.25,https://www.ti.com/lit/ds/symlink/tps63070.pdf
U6,TPS630701RNMR,hub-lib:TPS630701RNM_VQFN-HR-15,2,PG,BB_PG,-1.775,0.25,0.55,0.25,https://www.ti.com/lit/ds/symlink/tps63070.pdf
U6,TPS630701RNMR,hub-lib:TPS630701RNM_VQFN-HR-15,3,VAUX,BB_VAUX,-1.775,-0.25,0.55,0.25,https://www.ti.com/lit/ds/symlink/tps63070.pdf
U6,TPS630701RNMR,hub-lib:TPS630701RNM_VQFN-HR-15,4,GND,GND2,-1.775,-0.75,0.55,0.25,https://www.ti.com/lit/ds/symlink/tps63070.pdf
U6,TPS630701RNMR,hub-lib:TPS630701RNM_VQFN-HR-15,5,FB,BB_FB,-0.75,-1.525,0.25,0.55,https://www.ti.com/lit/ds/symlink/tps63070.pdf
U6,TPS630701RNMR,hub-lib:TPS630701RNM_VQFN-HR-15,6,FB2,NC,-0.25,-1.525,0.25,0.55,https://www.ti.com/lit/ds/symlink/tps63070.pdf
U6,TPS630701RNMR,hub-lib:TPS630701RNM_VQFN-HR-15,7,VOUT,ISO_5V_PRE,0.25,-1.525,0.25,0.55,https://www.ti.com/lit/ds/symlink/tps63070.pdf
U6,TPS630701RNMR,hub-lib:TPS630701RNM_VQFN-HR-15,8,VOUT,ISO_5V_PRE,0.75,-1.525,0.25,0.55,https://www.ti.com/lit/ds/symlink/tps63070.pdf
U6,TPS630701RNMR,hub-lib:TPS630701RNM_VQFN-HR-15,9,L2,BB_L2,1.775,-0.75,0.55,0.25,https://www.ti.com/lit/ds/symlink/tps63070.pdf
U6,TPS630701RNMR,hub-lib:TPS630701RNM_VQFN-HR-15,10,PGND,GND2,1.775,-0.25,0.55,0.25,https://www.ti.com/lit/ds/symlink/tps63070.pdf
U6,TPS630701RNMR,hub-lib:TPS630701RNM_VQFN-HR-15,11,L1,BB_L1,1.775,0.25,0.55,0.25,https://www.ti.com/lit/ds/symlink/tps63070.pdf
U6,TPS630701RNMR,hub-lib:TPS630701RNM_VQFN-HR-15,12,VIN,DCDC_RAW,1.775,0.75,0.55,0.25,https://www.ti.com/lit/ds/symlink/tps63070.pdf
U6,TPS630701RNMR,hub-lib:TPS630701RNM_VQFN-HR-15,13,VIN,DCDC_RAW,0.5,1.525,0.25,0.55,https://www.ti.com/lit/ds/symlink/tps63070.pdf
U6,TPS630701RNMR,hub-lib:TPS630701RNM_VQFN-HR-15,14,EN,DCDC_RAW,0,1.525,0.25,0.55,https://www.ti.com/lit/ds/symlink/tps63070.pdf
U6,TPS630701RNMR,hub-lib:TPS630701RNM_VQFN-HR-15,15,VSEL,GND2,-0.5,1.525,0.25,0.55,https://www.ti.com/lit/ds/symlink/tps63070.pdf
L1,XFL4020-152MEC,hub-lib:Coilcraft_XFL4020_4x4mm,1,1,BB_L1,-1.7,0,0.98,2.37,https://www.coilcraft.com/getmedia/50632d43-da1b-4cdb-8ab4-3029cab51df3/xfl4020.pdf
L1,XFL4020-152MEC,hub-lib:Coilcraft_XFL4020_4x4mm,2,2,BB_L2,1.7,0,0.98,2.37,https://www.coilcraft.com/getmedia/50632d43-da1b-4cdb-8ab4-3029cab51df3/xfl4020.pdf
C18,GRM32ER71E226KE15L,hub-lib:C_1210_3225Metric,1,,ISO_5V_PRE,-1.475,0,1.15,2.7,https://www.murata.com/en-global/products/productdetail?partno=GRM32ER71E226KE15%23
C18,GRM32ER71E226KE15L,hub-lib:C_1210_3225Metric,2,,GND2,1.475,0,1.15,2.7,https://www.murata.com/en-global/products/productdetail?partno=GRM32ER71E226KE15%23
C19,GRM32ER71E226KE15L,hub-lib:C_1210_3225Metric,1,,ISO_5V_PRE,-1.475,0,1.15,2.7,https://www.murata.com/en-global/products/productdetail?partno=GRM32ER71E226KE15%23
C19,GRM32ER71E226KE15L,hub-lib:C_1210_3225Metric,2,,GND2,1.475,0,1.15,2.7,https://www.murata.com/en-global/products/productdetail?partno=GRM32ER71E226KE15%23
C20,GRM32ER71E226KE15L,hub-lib:C_1210_3225Metric,1,,ISO_5V_PRE,-1.475,0,1.15,2.7,https://www.murata.com/en-global/products/productdetail?partno=GRM32ER71E226KE15%23
C20,GRM32ER71E226KE15L,hub-lib:C_1210_3225Metric,2,,GND2,1.475,0,1.15,2.7,https://www.murata.com/en-global/products/productdetail?partno=GRM32ER71E226KE15%23
C21,GRM155R71H104KE14D,hub-lib:C_0402_1005Metric,1,,ISO_5V_PRE,-0.48,0,0.56,0.62,https://www.murata.com/en-global/products/productdetail?partno=GRM155R71H104KE14%23
C21,GRM155R71H104KE14D,hub-lib:C_0402_1005Metric,2,,GND2,0.48,0,0.56,0.62,https://www.murata.com/en-global/products/productdetail?partno=GRM155R71H104KE14%23
C22,GRM155R71H104KE14D,hub-lib:C_0402_1005Metric,1,,BB_VAUX,-0.48,0,0.56,0.62,https://www.murata.com/en-global/products/productdetail?partno=GRM155R71H104KE14%23
C22,GRM155R71H104KE14D,hub-lib:C_0402_1005Metric,2,,GND2,0.48,0,0.56,0.62,https://www.murata.com/en-global/products/productdetail?partno=GRM155R71H104KE14%23
R10,ERJ2GE0R00X,hub-lib:R_0402_1005Metric,1,,ISO_5V_PRE,-0.51,0,0.54,0.64,https://industrial.panasonic.com/cdbs/www-data/pdf/RDA0000/AOA0000C307.pdf
R10,ERJ2GE0R00X,hub-lib:R_0402_1005Metric,2,,BB_FB,0.51,0,0.54,0.64,https://industrial.panasonic.com/cdbs/www-data/pdf/RDA0000/AOA0000C307.pdf
R11,ERJ2RKF1003X,hub-lib:R_0402_1005Metric,1,,ISO_5V_PRE,-0.51,0,0.54,0.64,https://industrial.panasonic.com/cdbs/www-data/pdf/RDA0000/AOA0000C307.pdf
R11,ERJ2RKF1003X,hub-lib:R_0402_1005Metric,2,,BB_PS,0.51,0,0.54,0.64,https://industrial.panasonic.com/cdbs/www-data/pdf/RDA0000/AOA0000C307.pdf
R12,ERJ2RKF1003X,hub-lib:R_0402_1005Metric,1,,ISO_5V_PRE,-0.51,0,0.54,0.64,https://industrial.panasonic.com/cdbs/www-data/pdf/RDA0000/AOA0000C307.pdf
R12,ERJ2RKF1003X,hub-lib:R_0402_1005Metric,2,,BB_PG,0.51,0,0.54,0.64,https://industrial.panasonic.com/cdbs/www-data/pdf/RDA0000/AOA0000C307.pdf
R15,ERJ2GE0R00X,hub-lib:R_0402_1005Metric,1,,BB_PS,-0.51,0,0.54,0.64,https://industrial.panasonic.com/cdbs/www-data/pdf/RDA0000/AOA0000C307.pdf
R15,ERJ2GE0R00X,hub-lib:R_0402_1005Metric,2,,GND2,0.51,0,0.54,0.64,https://industrial.panasonic.com/cdbs/www-data/pdf/RDA0000/AOA0000C307.pdf
TP5,,hub-lib:TestPoint_Pad_D1.0mm,1,1,DCDC_RAW,0,0,1,1,
TP6,,hub-lib:TestPoint_Pad_D1.0mm,1,1,ISO_5V_PRE,0,0,1,1,
SH1,BMI-S-201-F,hub-lib:Laird_Technologies_BMI-S-201-F_13.66x12.70mm,1,FRAME,GND1,-6.25,-6.73,1,1,https://www.laird.com/products/custom-precision-metal-stamping-emi-non-emi/board-level-shields/two-piece-board-level-shields/bmi-s-201-f
SH1,BMI-S-201-F,hub-lib:Laird_Technologies_BMI-S-201-F_13.66x12.70mm,1,FRAME,GND1,-6.25,-5.165,1,2.13,https://www.laird.com/products/custom-precision-metal-stamping-emi-non-emi/board-level-shields/two-piece-board-level-shields/bmi-s-201-f
SH1,BMI-S-201-F,hub-lib:Laird_Technologies_BMI-S-201-F_13.66x12.70mm,1,FRAME,GND1,-6.25,0,1,3.8,https://www.laird.com/products/custom-precision-metal-stamping-emi-non-emi/board-level-shields/two-piece-board-level-shields/bmi-s-201-f
SH1,BMI-S-201-F,hub-lib:Laird_Technologies_BMI-S-201-F_13.66x12.70mm,1,FRAME,GND1,-6.25,5.165,1,2.13,https://www.laird.com/products/custom-precision-metal-stamping-emi-non-emi/board-level-shields/two-piece-board-level-shields/bmi-s-201-f
SH1,BMI-S-201-F,hub-lib:Laird_Technologies_BMI-S-201-F_13.66x12.70mm,1,FRAME,GND1,-6.25,6.73,1,1,https://www.laird.com/products/custom-precision-metal-stamping-emi-non-emi/board-level-shields/two-piece-board-level-shields/bmi-s-201-f
SH1,BMI-S-201-F,hub-lib:Laird_Technologies_BMI-S-201-F_13.66x12.70mm,1,FRAME,GND1,-4.925,-6.73,1.65,1,https://www.laird.com/products/custom-precision-metal-stamping-emi-non-emi/board-level-shields/two-piece-board-level-shields/bmi-s-201-f
SH1,BMI-S-201-F,hub-lib:Laird_Technologies_BMI-S-201-F_13.66x12.70mm,1,FRAME,GND1,-4.925,6.73,1.65,1,https://www.laird.com/products/custom-precision-metal-stamping-emi-non-emi/board-level-shields/two-piece-board-level-shields/bmi-s-201-f
SH1,BMI-S-201-F,hub-lib:Laird_Technologies_BMI-S-201-F_13.66x12.70mm,1,FRAME,GND1,0,-6.73,3.8,1,https://www.laird.com/products/custom-precision-metal-stamping-emi-non-emi/board-level-shields/two-piece-board-level-shields/bmi-s-201-f
SH1,BMI-S-201-F,hub-lib:Laird_Technologies_BMI-S-201-F_13.66x12.70mm,1,FRAME,GND1,0,6.73,3.8,1,https://www.laird.com/products/custom-precision-metal-stamping-emi-non-emi/board-level-shields/two-piece-board-level-shields/bmi-s-201-f
SH1,BMI-S-201-F,hub-lib:Laird_Technologies_BMI-S-201-F_13.66x12.70mm,1,FRAME,GND1,4.925,-6.73,1.65,1,https://www.laird.com/products/custom-precision-metal-stamping-emi-non-emi/board-level-shields/two-piece-board-level-shields/bmi-s-201-f
SH1,BMI-S-201-F,hub-lib:Laird_Technologies_BMI-S-201-F_13.66x12.70mm,1,FRAME,GND1,4.925,6.73,1.65,1,https://www.laird.com/products/custom-precision-metal-stamping-emi-non-emi/board-level-shields/two-piece-board-level-shields/bmi-s-201-f
SH1,BMI-S-201-F,hub-lib:Laird_Technologies_BMI-S-201-F_13.66x12.70mm,1,FRAME,GND1,6.25,-6.73,1,1,https://www.laird.com/products/custom-precision-metal-stamping-emi-non-emi/board-level-shields/two-piece-board-level-shields/bmi-s-201-f
SH1,BMI-S-201-F,hub-lib:Laird_Technologies_BMI-S-201-F_13.66x12.70mm,1,FRAME,GND1,6.25,-5.165,1,2.13,https://www.laird.com/products/custom-precision-metal-stamping-emi-non-emi/board-level-shields/two-piece-board-level-shields/bmi-s-201-f
SH1,BMI-S-201-F,hub-lib:Laird_Technologies_BMI-S-201-F_13.66x12.70mm,1,FRAME,GND1,6.25,0,1,3.8,https://www.laird.com/products/custom-precision-metal-stamping-emi-non-emi/board-level-shields/two-piece-board-level-shields/bmi-s-201-f
SH1,BMI-S-201-F,hub-lib:Laird_Technologies_BMI-S-201-F_13.66x12.70mm,1,FRAME,GND1,6.25,5.165,1,2.13,https://www.laird.com/products/custom-precision-metal-stamping-emi-non-emi/board-level-shields/two-piece-board-level-shields/bmi-s-201-f
SH1,BMI-S-201-F,hub-lib:Laird_Technologies_BMI-S-201-F_13.66x12.70mm,1,FRAME,GND1,6.25,6.73,1,1,https://www.laird.com/products/custom-precision-metal-stamping-emi-non-emi/board-level-shields/two-piece-board-level-shields/bmi-s-201-f
SH2,BMI-S-209-F,hub-lib:Laird_Technologies_BMI-S-209-F_29.36x18.50mm,1,FRAME,GND2,-14.58,-9.15,1,1,https://www.laird.com/products/custom-precision-metal-stamping-emi-non-emi/board-level-shields/two-piece-board-level-shields/bmi-s-209-f
SH2,BMI-S-209-F,hub-lib:Laird_Technologies_BMI-S-209-F_29.36x18.50mm,1,FRAME,GND2,-14.58,-6.375,1,4.55,https://www.laird.com/products/custom-precision-metal-stamping-emi-non-emi/board-level-shields/two-piece-board-level-shields/bmi-s-209-f
SH2,BMI-S-209-F,hub-lib:Laird_Technologies_BMI-S-209-F_29.36x18.50mm,1,FRAME,GND2,-14.58,0,1,3.8,https://www.laird.com/products/custom-precision-metal-stamping-emi-non-emi/board-level-shields/two-piece-board-level-shields/bmi-s-209-f
SH2,BMI-S-209-F,hub-lib:Laird_Technologies_BMI-S-209-F_29.36x18.50mm,1,FRAME,GND2,-14.58,6.375,1,4.55,https://www.laird.com/products/custom-precision-metal-stamping-emi-non-emi/board-level-shields/two-piece-board-level-shields/bmi-s-209-f
SH2,BMI-S-209-F,hub-lib:Laird_Technologies_BMI-S-209-F_29.36x18.50mm,1,FRAME,GND2,-14.58,9.15,1,1,https://www.laird.com/products/custom-precision-metal-stamping-emi-non-emi/board-level-shields/two-piece-board-level-shields/bmi-s-209-f
SH2,BMI-S-209-F,hub-lib:Laird_Technologies_BMI-S-209-F_29.36x18.50mm,1,FRAME,GND2,-12.09,-9.15,3.98,1,https://www.laird.com/products/custom-precision-metal-stamping-emi-non-emi/board-level-shields/two-piece-board-level-shields/bmi-s-209-f
SH2,BMI-S-209-F,hub-lib:Laird_Technologies_BMI-S-209-F_29.36x18.50mm,1,FRAME,GND2,-12.09,9.15,3.98,1,https://www.laird.com/products/custom-precision-metal-stamping-emi-non-emi/board-level-shields/two-piece-board-level-shields/bmi-s-209-f
SH2,BMI-S-209-F,hub-lib:Laird_Technologies_BMI-S-209-F_29.36x18.50mm,1,FRAME,GND2,-6,-9.15,3.8,1,https://www.laird.com/products/custom-precision-metal-stamping-emi-non-emi/board-level-shields/two-piece-board-level-shields/bmi-s-209-f
SH2,BMI-S-209-F,hub-lib:Laird_Technologies_BMI-S-209-F_29.36x18.50mm,1,FRAME,GND2,-6,9.15,3.8,1,https://www.laird.com/products/custom-precision-metal-stamping-emi-non-emi/board-level-shields/two-piece-board-level-shields/bmi-s-209-f
SH2,BMI-S-209-F,hub-lib:Laird_Technologies_BMI-S-209-F_29.36x18.50mm,1,FRAME,GND2,0,-9.15,3.8,1,https://www.laird.com/products/custom-precision-metal-stamping-emi-non-emi/board-level-shields/two-piece-board-level-shields/bmi-s-209-f
SH2,BMI-S-209-F,hub-lib:Laird_Technologies_BMI-S-209-F_29.36x18.50mm,1,FRAME,GND2,0,9.15,3.8,1,https://www.laird.com/products/custom-precision-metal-stamping-emi-non-emi/board-level-shields/two-piece-board-level-shields/bmi-s-209-f
SH2,BMI-S-209-F,hub-lib:Laird_Technologies_BMI-S-209-F_29.36x18.50mm,1,FRAME,GND2,6,-9.15,3.8,1,https://www.laird.com/products/custom-precision-metal-stamping-emi-non-emi/board-level-shields/two-piece-board-level-shields/bmi-s-209-f
SH2,BMI-S-209-F,hub-lib:Laird_Technologies_BMI-S-209-F_29.36x18.50mm,1,FRAME,GND2,6,9.15,3.8,1,https://www.laird.com/products/custom-precision-metal-stamping-emi-non-emi/board-level-shields/two-piece-board-level-shields/bmi-s-209-f
SH2,BMI-S-209-F,hub-lib:Laird_Technologies_BMI-S-209-F_29.36x18.50mm,1,FRAME,GND2,12.09,-9.15,3.98,1,https://www.laird.com/products/custom-precision-metal-stamping-emi-non-emi/board-level-shields/two-piece-board-level-shields/bmi-s-209-f
SH2,BMI-S-209-F,hub-lib:Laird_Technologies_BMI-S-209-F_29.36x18.50mm,1,FRAME,GND2,12.09,9.15,3.98,1,https://www.laird.com/products/custom-precision-metal-stamping-emi-non-emi/board-level-shields/two-piece-board-level-shields/bmi-s-209-f
SH2,BMI-S-209-F,hub-lib:Laird_Technologies_BMI-S-209-F_29.36x18.50mm,1,FRAME,GND2,14.58,-9.15,1,1,https://www.laird.com/products/custom-precision-metal-stamping-emi-non-emi/board-level-shields/two-piece-board-level-shields/bmi-s-209-f
SH2,BMI-S-209-F,hub-lib:Laird_Technologies_BMI-S-209-F_29.36x18.50mm,1,FRAME,GND2,14.58,-6.375,1,4.55,https://www.laird.com/products/custom-precision-metal-stamping-emi-non-emi/board-level-shields/two-piece-board-level-shields/bmi-s-209-f
SH2,BMI-S-209-F,hub-lib:Laird_Technologies_BMI-S-209-F_29.36x18.50mm,1,FRAME,GND2,14.58,0,1,3.8,https://www.laird.com/products/custom-precision-metal-stamping-emi-non-emi/board-level-shields/two-piece-board-level-shields/bmi-s-209-f
SH2,BMI-S-209-F,hub-lib:Laird_Technologies_BMI-S-209-F_29.36x18.50mm,1,FRAME,GND2,14.58,6.375,1,4.55,https://www.laird.com/products/custom-precision-metal-stamping-emi-non-emi/board-level-shields/two-piece-board-level-shields/bmi-s-209-f
SH2,BMI-S-209-F,hub-lib:Laird_Technologies_BMI-S-209-F_29.36x18.50mm,1,FRAME,GND2,14.58,9.15,1,1,https://www.laird.com/products/custom-precision-metal-stamping-emi-non-emi/board-level-shields/two-piece-board-level-shields/bmi-s-209-f
J2,TYPE-C-31-M-12,hub-lib:USB_C_Receptacle_HRO_TYPE-C-31-M-12,A1,GND,GND2,-3.25,-4.045,0.6,1.45,https://datasheet.lcsc.com/datasheet/pdf/9e56b777c022540fcce7c7f67825f55e.pdf?productCode=C165948
J2,TYPE-C-31-M-12,hub-lib:USB_C_Receptacle_HRO_TYPE-C-31-M-12,A12,GND,GND2,3.25,-4.045,0.6,1.45,https://datasheet.lcsc.com/datasheet/pdf/9e56b777c022540fcce7c7f67825f55e.pdf?productCode=C165948
J2,TYPE-C-31-M-12,hub-lib:USB_C_Receptacle_HRO_TYPE-C-31-M-12,B1,GND,GND2,3.25,-4.045,0.6,1.45,https://datasheet.lcsc.com/datasheet/pdf/9e56b777c022540fcce7c7f67825f55e.pdf?productCode=C165948
J2,TYPE-C-31-M-12,hub-lib:USB_C_Receptacle_HRO_TYPE-C-31-M-12,B12,GND,GND2,-3.25,-4.045,0.6,1.45,https://datasheet.lcsc.com/datasheet/pdf/9e56b777c022540fcce7c7f67825f55e.pdf?productCode=C165948
J2,TYPE-C-31-M-12,hub-lib:USB_C_Receptacle_HRO_TYPE-C-31-M-12,SH,SHIELD,GND2,-4.32,-3.13,1,2.1,https://datasheet.lcsc.com/datasheet/pdf/9e56b777c022540fcce7c7f67825f55e.pdf?productCode=C165948
J2,TYPE-C-31-M-12,hub-lib:USB_C_Receptacle_HRO_TYPE-C-31-M-12,SH,SHIELD,GND2,-4.32,1.05,1,1.6,https://datasheet.lcsc.com/datasheet/pdf/9e56b777c022540fcce7c7f67825f55e.pdf?productCode=C165948
J2,TYPE-C-31-M-12,hub-lib:USB_C_Receptacle_HRO_TYPE-C-31-M-12,SH,SHIELD,GND2,4.32,-3.13,1,2.1,https://datasheet.lcsc.com/datasheet/pdf/9e56b777c022540fcce7c7f67825f55e.pdf?productCode=C165948
J2,TYPE-C-31-M-12,hub-lib:USB_C_Receptacle_HRO_TYPE-C-31-M-12,SH,SHIELD,GND2,4.32,1.05,1,1.6,https://datasheet.lcsc.com/datasheet/pdf/9e56b777c022540fcce7c7f67825f55e.pdf?productCode=C165948
J2,TYPE-C-31-M-12,hub-lib:USB_C_Receptacle_HRO_TYPE-C-31-M-12,A4,VBUS,EXT_5V,-2.45,-4.045,0.6,1.45,https://datasheet.lcsc.com/datasheet/pdf/9e56b777c022540fcce7c7f67825f55e.pdf?productCode=C165948
J2,TYPE-C-31-M-12,hub-lib:USB_C_Receptacle_HRO_TYPE-C-31-M-12,A9,VBUS,EXT_5V,2.45,-4.045,0.6,1.45,https://datasheet.lcsc.com/datasheet/pdf/9e56b777c022540fcce7c7f67825f55e.pdf?productCode=C165948
J2,TYPE-C-31-M-12,hub-lib:USB_C_Receptacle_HRO_TYPE-C-31-M-12,B4,VBUS,EXT_5V,2.45,-4.045,0.6,1.45,https://datasheet.lcsc.com/datasheet/pdf/9e56b777c022540fcce7c7f67825f55e.pdf?productCode=C165948
J2,TYPE-C-31-M-12,hub-lib:USB_C_Receptacle_HRO_TYPE-C-31-M-12,B9,VBUS,EXT_5V,-2.45,-4.045,0.6,1.45,https://datasheet.lcsc.com/datasheet/pdf/9e56b777c022540fcce7c7f67825f55e.pdf?productCode=C165948
J2,TYPE-C-31-M-12,hub-lib:USB_C_Receptacle_HRO_TYPE-C-31-M-12,A5,CC1,EXT_CC1,-1.25,-4.045,0.3,1.45,https://datasheet.lcsc.com/datasheet/pdf/9e56b777c022540fcce7c7f67825f55e.pdf?productCode=C165948
J2,TYPE-C-31-M-12,hub-lib:USB_C_Receptacle_HRO_TYPE-C-31-M-12,B5,CC2,EXT_CC2,1.75,-4.045,0.3,1.45,https://datasheet.lcsc.com/datasheet/pdf/9e56b777c022540fcce7c7f67825f55e.pdf?productCode=C165948
J2,TYPE-C-31-M-12,hub-lib:USB_C_Receptacle_HRO_TYPE-C-31-M-12,A8,SBU1,NC,1.25,-4.045,0.3,1.45,https://datasheet.lcsc.com/datasheet/pdf/9e56b777c022540fcce7c7f67825f55e.pdf?productCode=C165948
J2,TYPE-C-31-M-12,hub-lib:USB_C_Receptacle_HRO_TYPE-C-31-M-12,B8,SBU2,NC,-1.75,-4.045,0.3,1.45,https://datasheet.lcsc.com/datasheet/pdf/9e56b777c022540fcce7c7f67825f55e.pdf?productCode=C165948
J2,TYPE-C-31-M-12,hub-lib:USB_C_Receptacle_HRO_TYPE-C-31-M-12,A6,D+,NC,-0.25,-4.045,0.3,1.45,https://datasheet.lcsc.com/datasheet/pdf/9e56b777c022540fcce7c7f67825f55e.pdf?productCode=C165948
J2,TYPE-C-31-M-12,hub-lib:USB_C_Receptacle_HRO_TYPE-C-31-M-12,B6,D+,NC,0.75,-4.045,0.3,1.45,https://datasheet.lcsc.com/datasheet/pdf/9e56b777c022540fcce7c7f67825f55e.pdf?productCode=C165948
J2,TYPE-C-31-M-12,hub-lib:USB_C_Receptacle_HRO_TYPE-C-31-M-12,A7,D-,NC,0.25,-4.045,0.3,1.45,https://datasheet.lcsc.com/datasheet/pdf/9e56b777c022540fcce7c7f67825f55e.pdf?productCode=C165948
J2,TYPE-C-31-M-12,hub-lib:USB_C_Receptacle_HRO_TYPE-C-31-M-12,B7,D-,NC,-0.75,-4.045,0.3,1.45,https://datasheet.lcsc.com/datasheet/pdf/9e56b777c022540fcce7c7f67825f55e.pdf?productCode=C165948
U23,TLV75533PDBVR,hub-lib:SOT-23-5,1,IN,EXT_5V,-1.1375,-0.95,1.325,0.6,https://www.ti.com/lit/ds/symlink/tlv755p.pdf
U23,TLV75533PDBVR,hub-lib:SOT-23-5,2,GND,GND2,-1.1375,0,1.325,0.6,https://www.ti.com/lit/ds/symlink/tlv755p.pdf
U23,TLV75533PDBVR,hub-lib:SOT-23-5,3,EN,EXT_5V,-1.1375,0.95,1.325,0.6,https://www.ti.com/lit/ds/symlink/tlv755p.pdf
U23,TLV75533PDBVR,hub-lib:SOT-23-5,4,NC,NC,1.1375,0.95,1.325,0.6,https://www.ti.com/lit/ds/symlink/tlv755p.pdf
U23,TLV75533PDBVR,hub-lib:SOT-23-5,5,OUT,EXT_3V3,1.1375,-0.95,1.325,0.6,https://www.ti.com/lit/ds/symlink/tlv755p.pdf
C23,GRM155R71H104KE14D,hub-lib:C_0402_1005Metric,1,,EXT_5V,-0.48,0,0.56,0.62,https://www.murata.com/en-global/products/productdetail?partno=GRM155R71H104KE14%23
C23,GRM155R71H104KE14D,hub-lib:C_0402_1005Metric,2,,GND2,0.48,0,0.56,0.62,https://www.murata.com/en-global/products/productdetail?partno=GRM155R71H104KE14%23
C24,GRM188R61E105KA12D,hub-lib:C_0603_1608Metric,1,,EXT_5V,-0.775,0,0.9,0.95,https://www.murata.com/en-global/products/productdetail?partno=GRM188R61E105KA12%23
C24,GRM188R61E105KA12D,hub-lib:C_0603_1608Metric,2,,GND2,0.775,0,0.9,0.95,https://www.murata.com/en-global/products/productdetail?partno=GRM188R61E105KA12%23
C77,GRM188R61E105KA12D,hub-lib:C_0603_1608Metric,1,,EXT_3V3,-0.775,0,0.9,0.95,https://www.murata.com/en-global/products/productdetail?partno=GRM188R61E105KA12%23
C77,GRM188R61E105KA12D,hub-lib:C_0603_1608Metric,2,,GND2,0.775,0,0.9,0.95,https://www.murata.com/en-global/products/productdetail?partno=GRM188R61E105KA12%23
U7,TUSB320LAIRWBR,hub-lib:Texas_X2QFN-12_1.6x1.6mm_P0.4mm,1,CC1,EXT_CC1,-0.725,-0.2,0.85,0.2,https://www.ti.com/lit/ds/symlink/tusb320lai.pdf
U7,TUSB320LAIRWBR,hub-lib:Texas_X2QFN-12_1.6x1.6mm_P0.4mm,2,CC2,EXT_CC2,-0.725,0.2,0.85,0.2,https://www.ti.com/lit/ds/symlink/tusb320lai.pdf
U7,TUSB320LAIRWBR,hub-lib:Texas_X2QFN-12_1.6x1.6mm_P0.4mm,3,PORT,GND2,-0.6,0.825,0.2,0.65,https://www.ti.com/lit/ds/symlink/tusb320lai.pdf
U7,TUSB320LAIRWBR,hub-lib:Texas_X2QFN-12_1.6x1.6mm_P0.4mm,4,VBUS_DET,EXT_VDET,-0.2,0.825,0.2,0.65,https://www.ti.com/lit/ds/symlink/tusb320lai.pdf
U7,TUSB320LAIRWBR,hub-lib:Texas_X2QFN-12_1.6x1.6mm_P0.4mm,5,ADDR,NC,0.2,0.825,0.2,0.65,https://www.ti.com/lit/ds/symlink/tusb320lai.pdf
U7,TUSB320LAIRWBR,hub-lib:Texas_X2QFN-12_1.6x1.6mm_P0.4mm,6,OUT3,NC,0.6,0.825,0.2,0.65,https://www.ti.com/lit/ds/symlink/tusb320lai.pdf
U7,TUSB320LAIRWBR,hub-lib:Texas_X2QFN-12_1.6x1.6mm_P0.4mm,7,OUT1,EXT_OUT1,0.725,0.2,0.85,0.2,https://www.ti.com/lit/ds/symlink/tusb320lai.pdf
U7,TUSB320LAIRWBR,hub-lib:Texas_X2QFN-12_1.6x1.6mm_P0.4mm,8,OUT2,EXT_OUT2,0.725,-0.2,0.85,0.2,https://www.ti.com/lit/ds/symlink/tusb320lai.pdf
U7,TUSB320LAIRWBR,hub-lib:Texas_X2QFN-12_1.6x1.6mm_P0.4mm,9,ID,NC,0.6,-0.825,0.2,0.65,https://www.ti.com/lit/ds/symlink/tusb320lai.pdf
U7,TUSB320LAIRWBR,hub-lib:Texas_X2QFN-12_1.6x1.6mm_P0.4mm,10,GND,GND2,0.2,-0.825,0.2,0.65,https://www.ti.com/lit/ds/symlink/tusb320lai.pdf
U7,TUSB320LAIRWBR,hub-lib:Texas_X2QFN-12_1.6x1.6mm_P0.4mm,11,EN_N,GND2,-0.2,-0.825,0.2,0.65,https://www.ti.com/lit/ds/symlink/tusb320lai.pdf
U7,TUSB320LAIRWBR,hub-lib:Texas_X2QFN-12_1.6x1.6mm_P0.4mm,12,VDD,EXT_3V3,-0.6,-0.825,0.2,0.65,https://www.ti.com/lit/ds/symlink/tusb320lai.pdf
R16,ERJ2RKF9093X,hub-lib:R_0402_1005Metric,1,,EXT_5V,-0.51,0,0.54,0.64,https://industrial.panasonic.com/cdbs/www-data/pdf/RDA0000/AOA0000C307.pdf
R16,ERJ2RKF9093X,hub-lib:R_0402_1005Metric,2,,EXT_VDET,0.51,0,0.54,0.64,https://industrial.panasonic.com/cdbs/www-data/pdf/RDA0000/AOA0000C307.pdf
R17,ERJ2RKF1002X,hub-lib:R_0402_1005Metric,1,,EXT_3V3,-0.51,0,0.54,0.64,https://industrial.panasonic.com/cdbs/www-data/pdf/RDA0000/AOA0000C307.pdf
R17,ERJ2RKF1002X,hub-lib:R_0402_1005Metric,2,,EXT_OUT1,0.51,0,0.54,0.64,https://industrial.panasonic.com/cdbs/www-data/pdf/RDA0000/AOA0000C307.pdf
R18,ERJ2RKF1002X,hub-lib:R_0402_1005Metric,1,,EXT_3V3,-0.51,0,0.54,0.64,https://industrial.panasonic.com/cdbs/www-data/pdf/RDA0000/AOA0000C307.pdf
R18,ERJ2RKF1002X,hub-lib:R_0402_1005Metric,2,,EXT_OUT2,0.51,0,0.54,0.64,https://industrial.panasonic.com/cdbs/www-data/pdf/RDA0000/AOA0000C307.pdf
U25,SN74LVC1G02DBVR,hub-lib:SOT-23-5,1,,EXT_OUT1,-1.1375,-0.95,1.325,0.6,https://www.ti.com/lit/ds/symlink/sn74lvc1g02.pdf
U25,SN74LVC1G02DBVR,hub-lib:SOT-23-5,2,,EXT_OUT2,-1.1375,0,1.325,0.6,https://www.ti.com/lit/ds/symlink/sn74lvc1g02.pdf
U25,SN74LVC1G02DBVR,hub-lib:SOT-23-5,3,GND,GND2,-1.1375,0.95,1.325,0.6,https://www.ti.com/lit/ds/symlink/sn74lvc1g02.pdf
U25,SN74LVC1G02DBVR,hub-lib:SOT-23-5,4,,EXT_3A_OK,1.1375,0.95,1.325,0.6,https://www.ti.com/lit/ds/symlink/sn74lvc1g02.pdf
U25,SN74LVC1G02DBVR,hub-lib:SOT-23-5,5,VCC,EXT_3V3,1.1375,-0.95,1.325,0.6,https://www.ti.com/lit/ds/symlink/sn74lvc1g02.pdf
C25,GRM155R71H104KE14D,hub-lib:C_0402_1005Metric,1,,EXT_3V3,-0.48,0,0.56,0.62,https://www.murata.com/en-global/products/productdetail?partno=GRM155R71H104KE14%23
C25,GRM155R71H104KE14D,hub-lib:C_0402_1005Metric,2,,GND2,0.48,0,0.56,0.62,https://www.murata.com/en-global/products/productdetail?partno=GRM155R71H104KE14%23
C26,GRM155R71H104KE14D,hub-lib:C_0402_1005Metric,1,,EXT_3V3,-0.48,0,0.56,0.62,https://www.murata.com/en-global/products/productdetail?partno=GRM155R71H104KE14%23
C26,GRM155R71H104KE14D,hub-lib:C_0402_1005Metric,2,,GND2,0.48,0,0.56,0.62,https://www.murata.com/en-global/products/productdetail?partno=GRM155R71H104KE14%23
R19,ERJ2RKF1003X,hub-lib:R_0402_1005Metric,1,,EXT_3A_OK,-0.51,0,0.54,0.64,https://industrial.panasonic.com/cdbs/www-data/pdf/RDA0000/AOA0000C307.pdf
R19,ERJ2RKF1003X,hub-lib:R_0402_1005Metric,2,,GND2,0.51,0,0.54,0.64,https://industrial.panasonic.com/cdbs/www-data/pdf/RDA0000/AOA0000C307.pdf
U27,TPS22975DSGR,hub-lib:Texas_DSG0008A_WSON-8-1EP_2x2mm_P0.5mm_EP0.9x1.6mm,1,VIN,EXT_SENSED_5V,-0.95,-0.75,0.6,0.25,https://www.ti.com/lit/ds/symlink/tps22975.pdf
U27,TPS22975DSGR,hub-lib:Texas_DSG0008A_WSON-8-1EP_2x2mm_P0.5mm_EP0.9x1.6mm,2,VIN,EXT_SENSED_5V,-0.95,-0.25,0.6,0.25,https://www.ti.com/lit/ds/symlink/tps22975.pdf
U27,TPS22975DSGR,hub-lib:Texas_DSG0008A_WSON-8-1EP_2x2mm_P0.5mm_EP0.9x1.6mm,3,ON,EXT_3A_OK,-0.95,0.25,0.6,0.25,https://www.ti.com/lit/ds/symlink/tps22975.pdf
U27,TPS22975DSGR,hub-lib:Texas_DSG0008A_WSON-8-1EP_2x2mm_P0.5mm_EP0.9x1.6mm,4,VBIAS,EXT_5V,-0.95,0.75,0.6,0.25,https://www.ti.com/lit/ds/symlink/tps22975.pdf
U27,TPS22975DSGR,hub-lib:Texas_DSG0008A_WSON-8-1EP_2x2mm_P0.5mm_EP0.9x1.6mm,5,GND,GND2,0.95,0.75,0.6,0.25,https://www.ti.com/lit/ds/symlink/tps22975.pdf
U27,TPS22975DSGR,hub-lib:Texas_DSG0008A_WSON-8-1EP_2x2mm_P0.5mm_EP0.9x1.6mm,6,CT,EXT_SLEW,0.95,0.25,0.6,0.25,https://www.ti.com/lit/ds/symlink/tps22975.pdf
U27,TPS22975DSGR,hub-lib:Texas_DSG0008A_WSON-8-1EP_2x2mm_P0.5mm_EP0.9x1.6mm,7,VOUT,EXT_SW_5V,0.95,-0.25,0.6,0.25,https://www.ti.com/lit/ds/symlink/tps22975.pdf
U27,TPS22975DSGR,hub-lib:Texas_DSG0008A_WSON-8-1EP_2x2mm_P0.5mm_EP0.9x1.6mm,8,VOUT,EXT_SW_5V,0.95,-0.75,0.6,0.25,https://www.ti.com/lit/ds/symlink/tps22975.pdf
U27,TPS22975DSGR,hub-lib:Texas_DSG0008A_WSON-8-1EP_2x2mm_P0.5mm_EP0.9x1.6mm,9,EP,GND2,0,0,0.9,1.6,https://www.ti.com/lit/ds/symlink/tps22975.pdf
R110,WSLP1206R0200FEA,hub-lib:R_1206_3216Metric,1,,EXT_5V,-1.4625,0,1.125,1.75,https://www.vishay.com/docs/30122/wslp.pdf
R110,WSLP1206R0200FEA,hub-lib:R_1206_3216Metric,2,,EXT_SENSED_5V,1.4625,0,1.125,1.75,https://www.vishay.com/docs/30122/wslp.pdf
U46,INA300AIDGSR,hub-lib:MSOP-10_3x3mm_P0.5mm,1,IN+,EXT_5V,-2.1,-1,1.5,0.35,https://www.ti.com/lit/ds/symlink/ina300.pdf
U46,INA300AIDGSR,hub-lib:MSOP-10_3x3mm_P0.5mm,2,IN-,EXT_SENSED_5V,-2.1,-0.5,1.5,0.35,https://www.ti.com/lit/ds/symlink/ina300.pdf
U46,INA300AIDGSR,hub-lib:MSOP-10_3x3mm_P0.5mm,3,LIMIT,EXT_TRIP,-2.1,0,1.5,0.35,https://www.ti.com/lit/ds/symlink/ina300.pdf
U46,INA300AIDGSR,hub-lib:MSOP-10_3x3mm_P0.5mm,4,ENABLE,ISO_3V3,-2.1,0.5,1.5,0.35,https://www.ti.com/lit/ds/symlink/ina300.pdf
U46,INA300AIDGSR,hub-lib:MSOP-10_3x3mm_P0.5mm,5,ALERT_N,EXT_CURRENT_OK,-2.1,1,1.5,0.35,https://www.ti.com/lit/ds/symlink/ina300.pdf
U46,INA300AIDGSR,hub-lib:MSOP-10_3x3mm_P0.5mm,6,LATCH,PORT_ANY_ON,2.1,1,1.5,0.35,https://www.ti.com/lit/ds/symlink/ina300.pdf
U46,INA300AIDGSR,hub-lib:MSOP-10_3x3mm_P0.5mm,7,DELAY,ISO_3V3,2.1,0.5,1.5,0.35,https://www.ti.com/lit/ds/symlink/ina300.pdf
U46,INA300AIDGSR,hub-lib:MSOP-10_3x3mm_P0.5mm,8,GND,GND2,2.1,0,1.5,0.35,https://www.ti.com/lit/ds/symlink/ina300.pdf
U46,INA300AIDGSR,hub-lib:MSOP-10_3x3mm_P0.5mm,9,VS,ISO_3V3,2.1,-0.5,1.5,0.35,https://www.ti.com/lit/ds/symlink/ina300.pdf
U46,INA300AIDGSR,hub-lib:MSOP-10_3x3mm_P0.5mm,10,HYS,NC,2.1,-1,1.5,0.35,https://www.ti.com/lit/ds/symlink/ina300.pdf
R111,RT0603BRD072K87L,hub-lib:R_0603_1608Metric,1,,EXT_TRIP,-0.825,0,0.8,0.95,https://www.yageo.com/upload/media/product/productsearch/datasheet/rchip/PYu-RT_51_RoHS_L.pdf
R111,RT0603BRD072K87L,hub-lib:R_0603_1608Metric,2,,GND2,0.825,0,0.8,0.95,https://www.yageo.com/upload/media/product/productsearch/datasheet/rchip/PYu-RT_51_RoHS_L.pdf
R112,ERJ2GE0R00X,hub-lib:R_0402_1005Metric,1,,EXT_CURRENT_OK,-0.51,0,0.54,0.64,https://industrial.panasonic.com/cdbs/www-data/pdf/RDA0000/AOA0000C307.pdf
R112,ERJ2GE0R00X,hub-lib:R_0402_1005Metric,2,,PORT_RAIL_OK,0.51,0,0.54,0.64,https://industrial.panasonic.com/cdbs/www-data/pdf/RDA0000/AOA0000C307.pdf
C110,GRM155R71H104KE14D,hub-lib:C_0402_1005Metric,1,,ISO_3V3,-0.48,0,0.56,0.62,https://www.murata.com/en-global/products/productdetail?partno=GRM155R71H104KE14%23
C110,GRM155R71H104KE14D,hub-lib:C_0402_1005Metric,2,,GND2,0.48,0,0.56,0.62,https://www.murata.com/en-global/products/productdetail?partno=GRM155R71H104KE14%23
TP17,,hub-lib:TestPoint_Pad_D1.0mm,1,1,EXT_CURRENT_OK,0,0,1,1,
C78,GRM155R71H103KA88D,hub-lib:C_0402_1005Metric,1,,EXT_SLEW,-0.48,0,0.56,0.62,https://www.murata.com/en-global/products/productdetail?partno=GRM155R71H103KA88%23
C78,GRM155R71H103KA88D,hub-lib:C_0402_1005Metric,2,,GND2,0.48,0,0.56,0.62,https://www.murata.com/en-global/products/productdetail?partno=GRM155R71H103KA88%23
C79,GRM32ER71E226KE15L,hub-lib:C_1210_3225Metric,1,,EXT_SW_5V,-1.475,0,1.15,2.7,https://www.murata.com/en-global/products/productdetail?partno=GRM32ER71E226KE15%23
C79,GRM32ER71E226KE15L,hub-lib:C_1210_3225Metric,2,,GND2,1.475,0,1.15,2.7,https://www.murata.com/en-global/products/productdetail?partno=GRM32ER71E226KE15%23
C80,GRM32ER71E226KE15L,hub-lib:C_1210_3225Metric,1,,EXT_SW_5V,-1.475,0,1.15,2.7,https://www.murata.com/en-global/products/productdetail?partno=GRM32ER71E226KE15%23
C80,GRM32ER71E226KE15L,hub-lib:C_1210_3225Metric,2,,GND2,1.475,0,1.15,2.7,https://www.murata.com/en-global/products/productdetail?partno=GRM32ER71E226KE15%23
C81,GRM155R71H104KE14D,hub-lib:C_0402_1005Metric,1,,EXT_SW_5V,-0.48,0,0.56,0.62,https://www.murata.com/en-global/products/productdetail?partno=GRM155R71H104KE14%23
C81,GRM155R71H104KE14D,hub-lib:C_0402_1005Metric,2,,GND2,0.48,0,0.56,0.62,https://www.murata.com/en-global/products/productdetail?partno=GRM155R71H104KE14%23
U28,TPS552892RYQR,hub-lib:TI_RYQ0021A_VQFN21_3x5mm,1,EN_UVLO,EXT_3A_OK,-2.4,-0.75,0.6,0.25,https://www.ti.com/lit/ds/symlink/tps552892.pdf
U28,TPS552892RYQR,hub-lib:TI_RYQ0021A_VQFN21_3x5mm,2,MODE,GND2,-2.4,-0.25,0.6,0.25,https://www.ti.com/lit/ds/symlink/tps552892.pdf
U28,TPS552892RYQR,hub-lib:TI_RYQ0021A_VQFN21_3x5mm,3,PG,EXT_REG_PG,-2.4,0.25,0.6,0.25,https://www.ti.com/lit/ds/symlink/tps552892.pdf
U28,TPS552892RYQR,hub-lib:TI_RYQ0021A_VQFN21_3x5mm,4,CC,NC,-2.4,0.75,0.6,0.25,https://www.ti.com/lit/ds/symlink/tps552892.pdf
U28,TPS552892RYQR,hub-lib:TI_RYQ0021A_VQFN21_3x5mm,5,DITH_SYNC,GND2,-2.04,1.375,0.25,0.65,https://www.ti.com/lit/ds/symlink/tps552892.pdf
U28,TPS552892RYQR,hub-lib:TI_RYQ0021A_VQFN21_3x5mm,6,FSW,EXT_FSW,-1.54,1.4,0.25,0.6,https://www.ti.com/lit/ds/symlink/tps552892.pdf
U28,TPS552892RYQR,hub-lib:TI_RYQ0021A_VQFN21_3x5mm,7,VIN,EXT_SW_5V,-1.04,0,0.25,3.4,https://www.ti.com/lit/ds/symlink/tps552892.pdf
U28,TPS552892RYQR,hub-lib:TI_RYQ0021A_VQFN21_3x5mm,8,SW1,EXT_SW1,-0.54,0,0.25,3.4,https://www.ti.com/lit/ds/symlink/tps552892.pdf
U28,TPS552892RYQR,hub-lib:TI_RYQ0021A_VQFN21_3x5mm,9,PGND,GND2,0,0,0.25,3.4,https://www.ti.com/lit/ds/symlink/tps552892.pdf
U28,TPS552892RYQR,hub-lib:TI_RYQ0021A_VQFN21_3x5mm,9,PGND,GND2,0,0,0.33,2.35,https://www.ti.com/lit/ds/symlink/tps552892.pdf
U28,TPS552892RYQR,hub-lib:TI_RYQ0021A_VQFN21_3x5mm,10,SW2,EXT_SW2,0.54,0,0.25,3.4,https://www.ti.com/lit/ds/symlink/tps552892.pdf
U28,TPS552892RYQR,hub-lib:TI_RYQ0021A_VQFN21_3x5mm,11,VOUT,EXT_REG_5V,1.04,0,0.25,3.4,https://www.ti.com/lit/ds/symlink/tps552892.pdf
U28,TPS552892RYQR,hub-lib:TI_RYQ0021A_VQFN21_3x5mm,12,ISP,EXT_REG_5V,1.54,1.4,0.25,0.6,https://www.ti.com/lit/ds/symlink/tps552892.pdf
U28,TPS552892RYQR,hub-lib:TI_RYQ0021A_VQFN21_3x5mm,13,ISN,EXT_REG_5V,2.04,1.375,0.25,0.65,https://www.ti.com/lit/ds/symlink/tps552892.pdf
U28,TPS552892RYQR,hub-lib:TI_RYQ0021A_VQFN21_3x5mm,14,FB,EXT_FB,2.4,0.75,0.6,0.25,https://www.ti.com/lit/ds/symlink/tps552892.pdf
U28,TPS552892RYQR,hub-lib:TI_RYQ0021A_VQFN21_3x5mm,15,COMP,EXT_COMP,2.4,0.25,0.6,0.25,https://www.ti.com/lit/ds/symlink/tps552892.pdf
U28,TPS552892RYQR,hub-lib:TI_RYQ0021A_VQFN21_3x5mm,16,CDC,NC,2.4,-0.25,0.6,0.25,https://www.ti.com/lit/ds/symlink/tps552892.pdf
U28,TPS552892RYQR,hub-lib:TI_RYQ0021A_VQFN21_3x5mm,17,AGND,GND2,2.4,-0.75,0.6,0.25,https://www.ti.com/lit/ds/symlink/tps552892.pdf
U28,TPS552892RYQR,hub-lib:TI_RYQ0021A_VQFN21_3x5mm,18,VCC,EXT_REG_VCC,2.04,-1.375,0.25,0.65,https://www.ti.com/lit/ds/symlink/tps552892.pdf
U28,TPS552892RYQR,hub-lib:TI_RYQ0021A_VQFN21_3x5mm,19,BOOT2,EXT_BOOT2,1.54,-1.4,0.25,0.6,https://www.ti.com/lit/ds/symlink/tps552892.pdf
U28,TPS552892RYQR,hub-lib:TI_RYQ0021A_VQFN21_3x5mm,20,BOOT1,EXT_BOOT1,-1.54,-1.4,0.25,0.6,https://www.ti.com/lit/ds/symlink/tps552892.pdf
U28,TPS552892RYQR,hub-lib:TI_RYQ0021A_VQFN21_3x5mm,21,EXTVCC,NC,-2.04,-1.375,0.25,0.65,https://www.ti.com/lit/ds/symlink/tps552892.pdf
L3,XAL7070-472MEC,hub-lib:L_Coilcraft_XAL7070-XXX,1,1,EXT_SW1,-2.41,0,1.92,6.5,https://www.coilcraft.com/en-us/products/power/shielded-inductors/molded-inductor/xal/xal7070/
L3,XAL7070-472MEC,hub-lib:L_Coilcraft_XAL7070-XXX,2,2,EXT_SW2,2.41,0,1.92,6.5,https://www.coilcraft.com/en-us/products/power/shielded-inductors/molded-inductor/xal/xal7070/
C82,GRM155R71H104KE14D,hub-lib:C_0402_1005Metric,1,,EXT_BOOT1,-0.48,0,0.56,0.62,https://www.murata.com/en-global/products/productdetail?partno=GRM155R71H104KE14%23
C82,GRM155R71H104KE14D,hub-lib:C_0402_1005Metric,2,,EXT_SW1,0.48,0,0.56,0.62,https://www.murata.com/en-global/products/productdetail?partno=GRM155R71H104KE14%23
C83,GRM155R71H104KE14D,hub-lib:C_0402_1005Metric,1,,EXT_BOOT2,-0.48,0,0.56,0.62,https://www.murata.com/en-global/products/productdetail?partno=GRM155R71H104KE14%23
C83,GRM155R71H104KE14D,hub-lib:C_0402_1005Metric,2,,EXT_SW2,0.48,0,0.56,0.62,https://www.murata.com/en-global/products/productdetail?partno=GRM155R71H104KE14%23
C84,GRM21BR61E106KA73L,hub-lib:C_0805_2012Metric,1,,EXT_REG_VCC,-0.95,0,1,1.45,https://www.murata.com/en-global/products/productdetail?partno=GRM21BR61E106KA73%23
C84,GRM21BR61E106KA73L,hub-lib:C_0805_2012Metric,2,,GND2,0.95,0,1,1.45,https://www.murata.com/en-global/products/productdetail?partno=GRM21BR61E106KA73%23
C85,GRM32ER71E226KE15L,hub-lib:C_1210_3225Metric,1,,EXT_REG_5V,-1.475,0,1.15,2.7,https://www.murata.com/en-global/products/productdetail?partno=GRM32ER71E226KE15%23
C85,GRM32ER71E226KE15L,hub-lib:C_1210_3225Metric,2,,GND2,1.475,0,1.15,2.7,https://www.murata.com/en-global/products/productdetail?partno=GRM32ER71E226KE15%23
C86,GRM32ER71E226KE15L,hub-lib:C_1210_3225Metric,1,,EXT_REG_5V,-1.475,0,1.15,2.7,https://www.murata.com/en-global/products/productdetail?partno=GRM32ER71E226KE15%23
C86,GRM32ER71E226KE15L,hub-lib:C_1210_3225Metric,2,,GND2,1.475,0,1.15,2.7,https://www.murata.com/en-global/products/productdetail?partno=GRM32ER71E226KE15%23
C87,GRM32ER71E226KE15L,hub-lib:C_1210_3225Metric,1,,EXT_REG_5V,-1.475,0,1.15,2.7,https://www.murata.com/en-global/products/productdetail?partno=GRM32ER71E226KE15%23
C87,GRM32ER71E226KE15L,hub-lib:C_1210_3225Metric,2,,GND2,1.475,0,1.15,2.7,https://www.murata.com/en-global/products/productdetail?partno=GRM32ER71E226KE15%23
C88,GRM32ER71E226KE15L,hub-lib:C_1210_3225Metric,1,,EXT_REG_5V,-1.475,0,1.15,2.7,https://www.murata.com/en-global/products/productdetail?partno=GRM32ER71E226KE15%23
C88,GRM32ER71E226KE15L,hub-lib:C_1210_3225Metric,2,,GND2,1.475,0,1.15,2.7,https://www.murata.com/en-global/products/productdetail?partno=GRM32ER71E226KE15%23
C89,GRM155R71H104KE14D,hub-lib:C_0402_1005Metric,1,,EXT_REG_5V,-0.48,0,0.56,0.62,https://www.murata.com/en-global/products/productdetail?partno=GRM155R71H104KE14%23
C89,GRM155R71H104KE14D,hub-lib:C_0402_1005Metric,2,,GND2,0.48,0,0.56,0.62,https://www.murata.com/en-global/products/productdetail?partno=GRM155R71H104KE14%23
R20,RT0603BRB0710KL,hub-lib:R_0603_1608Metric,1,,EXT_REG_5V,-0.825,0,0.8,0.95,https://www.yageo.com/upload/media/product/productsearch/datasheet/rchip/PYu-RT_51_RoHS_L.pdf
R20,RT0603BRB0710KL,hub-lib:R_0603_1608Metric,2,,EXT_FB,0.825,0,0.8,0.95,https://www.yageo.com/upload/media/product/productsearch/datasheet/rchip/PYu-RT_51_RoHS_L.pdf
R21,RT0603BRB073KL,hub-lib:R_0603_1608Metric,1,,EXT_FB,-0.825,0,0.8,0.95,https://www.yageo.com/upload/media/product/productsearch/datasheet/rchip/PYu-RT_51_RoHS_L.pdf
R21,RT0603BRB073KL,hub-lib:R_0603_1608Metric,2,,EXT_FB_LOW,0.825,0,0.8,0.95,https://www.yageo.com/upload/media/product/productsearch/datasheet/rchip/PYu-RT_51_RoHS_L.pdf
R22,ERJ2GE0R00X,hub-lib:R_0402_1005Metric,1,,EXT_FB_LOW,-0.51,0,0.54,0.64,https://industrial.panasonic.com/cdbs/www-data/pdf/RDA0000/AOA0000C307.pdf
R22,ERJ2GE0R00X,hub-lib:R_0402_1005Metric,2,,GND2,0.51,0,0.54,0.64,https://industrial.panasonic.com/cdbs/www-data/pdf/RDA0000/AOA0000C307.pdf
R59,ERJ2RKF4992X,hub-lib:R_0402_1005Metric,1,,EXT_FSW,-0.51,0,0.54,0.64,https://industrial.panasonic.com/cdbs/www-data/pdf/RDA0000/AOA0000C307.pdf
R59,ERJ2RKF4992X,hub-lib:R_0402_1005Metric,2,,GND2,0.51,0,0.54,0.64,https://industrial.panasonic.com/cdbs/www-data/pdf/RDA0000/AOA0000C307.pdf
R60,ERJ2RKF2701X,hub-lib:R_0402_1005Metric,1,,EXT_COMP,-0.51,0,0.54,0.64,https://industrial.panasonic.com/cdbs/www-data/pdf/RDA0000/AOA0000C307.pdf
R60,ERJ2RKF2701X,hub-lib:R_0402_1005Metric,2,,EXT_COMP_ZERO,0.51,0,0.54,0.64,https://industrial.panasonic.com/cdbs/www-data/pdf/RDA0000/AOA0000C307.pdf
C90,GRM155R71C224KA12D,hub-lib:C_0402_1005Metric,1,,EXT_COMP_ZERO,-0.48,0,0.56,0.62,https://www.murata.com/en-global/products/productdetail?partno=GRM155R71C224KA12%23
C90,GRM155R71C224KA12D,hub-lib:C_0402_1005Metric,2,,GND2,0.48,0,0.56,0.62,https://www.murata.com/en-global/products/productdetail?partno=GRM155R71C224KA12%23
C91,GRM1555C1H101JA01D,hub-lib:C_0402_1005Metric,1,,EXT_COMP,-0.48,0,0.56,0.62,https://www.murata.com/en-global/products/productdetail?partno=GRM1555C1H101JA01%23
C91,GRM1555C1H101JA01D,hub-lib:C_0402_1005Metric,2,,GND2,0.48,0,0.56,0.62,https://www.murata.com/en-global/products/productdetail?partno=GRM1555C1H101JA01%23
R61,ERJ2RKF1002X,hub-lib:R_0402_1005Metric,1,,EXT_3V3,-0.51,0,0.54,0.64,https://industrial.panasonic.com/cdbs/www-data/pdf/RDA0000/AOA0000C307.pdf
R61,ERJ2RKF1002X,hub-lib:R_0402_1005Metric,2,,EXT_REG_PG,0.51,0,0.54,0.64,https://industrial.panasonic.com/cdbs/www-data/pdf/RDA0000/AOA0000C307.pdf
TP7,,hub-lib:TestPoint_Pad_D1.0mm,1,1,EXT_3A_OK,0,0,1,1,
TP8,,hub-lib:TestPoint_Pad_D1.0mm,1,1,EXT_REG_5V,0,0,1,1,
U8,TPS2121RUXR,hub-lib:TI_RUX0012A_VQFN-HR12_2x2.5mm,1,OUT,ISO_5V,-0.675,-0.35,1.05,0.4,https://www.ti.com/lit/ds/symlink/tps2121.pdf
U8,TPS2121RUXR,hub-lib:TI_RUX0012A_VQFN-HR12_2x2.5mm,2,IN2,ISO_5V_PRE,-0.675,0.35,1.05,0.4,https://www.ti.com/lit/ds/symlink/tps2121.pdf
U8,TPS2121RUXR,hub-lib:TI_RUX0012A_VQFN-HR12_2x2.5mm,3,CP2,MUX_CP2,-0.75,1.15,0.2,0.6,https://www.ti.com/lit/ds/symlink/tps2121.pdf
U8,TPS2121RUXR,hub-lib:TI_RUX0012A_VQFN-HR12_2x2.5mm,4,OV2,GND2,-0.25,1.15,0.2,0.6,https://www.ti.com/lit/ds/symlink/tps2121.pdf
U8,TPS2121RUXR,hub-lib:TI_RUX0012A_VQFN-HR12_2x2.5mm,5,OV1,GND2,0.25,1.15,0.2,0.6,https://www.ti.com/lit/ds/symlink/tps2121.pdf
U8,TPS2121RUXR,hub-lib:TI_RUX0012A_VQFN-HR12_2x2.5mm,6,PR1,MUX_PR1,0.75,1.15,0.2,0.6,https://www.ti.com/lit/ds/symlink/tps2121.pdf
U8,TPS2121RUXR,hub-lib:TI_RUX0012A_VQFN-HR12_2x2.5mm,7,IN1,EXT_REG_5V,0.675,0.35,1.05,0.4,https://www.ti.com/lit/ds/symlink/tps2121.pdf
U8,TPS2121RUXR,hub-lib:TI_RUX0012A_VQFN-HR12_2x2.5mm,8,OUT,ISO_5V,0.675,-0.35,1.05,0.4,https://www.ti.com/lit/ds/symlink/tps2121.pdf
U8,TPS2121RUXR,hub-lib:TI_RUX0012A_VQFN-HR12_2x2.5mm,9,ST,EXT_SELECTED,0.75,-1.15,0.2,0.6,https://www.ti.com/lit/ds/symlink/tps2121.pdf
U8,TPS2121RUXR,hub-lib:TI_RUX0012A_VQFN-HR12_2x2.5mm,10,ILIM,MUX_ILIM,0.25,-1.15,0.2,0.6,https://www.ti.com/lit/ds/symlink/tps2121.pdf
U8,TPS2121RUXR,hub-lib:TI_RUX0012A_VQFN-HR12_2x2.5mm,11,SS,MUX_SS,-0.25,-1.15,0.2,0.6,https://www.ti.com/lit/ds/symlink/tps2121.pdf
U8,TPS2121RUXR,hub-lib:TI_RUX0012A_VQFN-HR12_2x2.5mm,12,GND,GND2,-0.75,-1.15,0.2,0.6,https://www.ti.com/lit/ds/symlink/tps2121.pdf
R23,ERJ2RKF1782X,hub-lib:R_0402_1005Metric,1,,EXT_REG_5V,-0.51,0,0.54,0.64,https://industrial.panasonic.com/cdbs/www-data/pdf/RDA0000/AOA0000C307.pdf
R23,ERJ2RKF1782X,hub-lib:R_0402_1005Metric,2,,MUX_PR1,0.51,0,0.54,0.64,https://industrial.panasonic.com/cdbs/www-data/pdf/RDA0000/AOA0000C307.pdf
R24,ERJ2RKF1002X,hub-lib:R_0402_1005Metric,1,,MUX_PR1,-0.51,0,0.54,0.64,https://industrial.panasonic.com/cdbs/www-data/pdf/RDA0000/AOA0000C307.pdf
R24,ERJ2RKF1002X,hub-lib:R_0402_1005Metric,2,,GND2,0.51,0,0.54,0.64,https://industrial.panasonic.com/cdbs/www-data/pdf/RDA0000/AOA0000C307.pdf
R25,ERJ2RKF2372X,hub-lib:R_0402_1005Metric,1,,ISO_5V_PRE,-0.51,0,0.54,0.64,https://industrial.panasonic.com/cdbs/www-data/pdf/RDA0000/AOA0000C307.pdf
R25,ERJ2RKF2372X,hub-lib:R_0402_1005Metric,2,,MUX_CP2,0.51,0,0.54,0.64,https://industrial.panasonic.com/cdbs/www-data/pdf/RDA0000/AOA0000C307.pdf
R26,ERJ2RKF1022X,hub-lib:R_0402_1005Metric,1,,MUX_CP2,-0.51,0,0.54,0.64,https://industrial.panasonic.com/cdbs/www-data/pdf/RDA0000/AOA0000C307.pdf
R26,ERJ2RKF1022X,hub-lib:R_0402_1005Metric,2,,GND2,0.51,0,0.54,0.64,https://industrial.panasonic.com/cdbs/www-data/pdf/RDA0000/AOA0000C307.pdf
R27,ERJ2RKF2982X,hub-lib:R_0402_1005Metric,1,,MUX_ILIM,-0.51,0,0.54,0.64,https://industrial.panasonic.com/cdbs/www-data/pdf/RDA0000/AOA0000C307.pdf
R27,ERJ2RKF2982X,hub-lib:R_0402_1005Metric,2,,GND2,0.51,0,0.54,0.64,https://industrial.panasonic.com/cdbs/www-data/pdf/RDA0000/AOA0000C307.pdf
R28,ERJ2RKF1002X,hub-lib:R_0402_1005Metric,1,,ISO_3V3,-0.51,0,0.54,0.64,https://industrial.panasonic.com/cdbs/www-data/pdf/RDA0000/AOA0000C307.pdf
R28,ERJ2RKF1002X,hub-lib:R_0402_1005Metric,2,,EXT_SELECTED,0.51,0,0.54,0.64,https://industrial.panasonic.com/cdbs/www-data/pdf/RDA0000/AOA0000C307.pdf
C27,GRM155R71H104KE14D,hub-lib:C_0402_1005Metric,1,,MUX_SS,-0.48,0,0.56,0.62,https://www.murata.com/en-global/products/productdetail?partno=GRM155R71H104KE14%23
C27,GRM155R71H104KE14D,hub-lib:C_0402_1005Metric,2,,GND2,0.48,0,0.56,0.62,https://www.murata.com/en-global/products/productdetail?partno=GRM155R71H104KE14%23
C92,EEEFK1A221P,hub-lib:CP_Elec_8x6.2,1,,ISO_5V,-3.05,0,4,2.5,https://industrial.panasonic.com/ww/products/pt/aluminum-cap-smd/models/EEEFK1A221P
C92,EEEFK1A221P,hub-lib:CP_Elec_8x6.2,2,,GND2,3.05,0,4,2.5,https://industrial.panasonic.com/ww/products/pt/aluminum-cap-smd/models/EEEFK1A221P
C93,GRM155R71H104KE14D,hub-lib:C_0402_1005Metric,1,,ISO_5V,-0.48,0,0.56,0.62,https://www.murata.com/en-global/products/productdetail?partno=GRM155R71H104KE14%23
C93,GRM155R71H104KE14D,hub-lib:C_0402_1005Metric,2,,GND2,0.48,0,0.56,0.62,https://www.murata.com/en-global/products/productdetail?partno=GRM155R71H104KE14%23
U29,TPS2553DBVR,hub-lib:SOT-23-6,1,IN,ISO_5V,-1.1375,-0.95,1.325,0.6,https://www.ti.com/lit/ds/symlink/tps2553.pdf
U29,TPS2553DBVR,hub-lib:SOT-23-6,2,GND,GND2,-1.1375,0,1.325,0.6,https://www.ti.com/lit/ds/symlink/tps2553.pdf
U29,TPS2553DBVR,hub-lib:SOT-23-6,3,EN,BUS_FEED_EN,-1.1375,0.95,1.325,0.6,https://www.ti.com/lit/ds/symlink/tps2553.pdf
U29,TPS2553DBVR,hub-lib:SOT-23-6,4,~{FAULT},BUS_LIMIT_RAW_N,1.1375,0.95,1.325,0.6,https://www.ti.com/lit/ds/symlink/tps2553.pdf
U29,TPS2553DBVR,hub-lib:SOT-23-6,5,ILIM,PORT_ILIM,1.1375,0,1.325,0.6,https://www.ti.com/lit/ds/symlink/tps2553.pdf
U29,TPS2553DBVR,hub-lib:SOT-23-6,6,OUT,PORT_SUPPLY,1.1375,-0.95,1.325,0.6,https://www.ti.com/lit/ds/symlink/tps2553.pdf
R62,ERJ2RKF7502X,hub-lib:R_0402_1005Metric,1,,PORT_ILIM,-0.51,0,0.54,0.64,https://industrial.panasonic.com/cdbs/www-data/pdf/RDA0000/AOA0000C307.pdf
R62,ERJ2RKF7502X,hub-lib:R_0402_1005Metric,2,,GND2,0.51,0,0.54,0.64,https://industrial.panasonic.com/cdbs/www-data/pdf/RDA0000/AOA0000C307.pdf
R63,ERJ2RKF1002X,hub-lib:R_0402_1005Metric,1,,ISO_3V3,-0.51,0,0.54,0.64,https://industrial.panasonic.com/cdbs/www-data/pdf/RDA0000/AOA0000C307.pdf
R63,ERJ2RKF1002X,hub-lib:R_0402_1005Metric,2,,BUS_LIMIT_RAW_N,0.51,0,0.54,0.64,https://industrial.panasonic.com/cdbs/www-data/pdf/RDA0000/AOA0000C307.pdf
R121,ERJ2RKF4702X,hub-lib:R_0402_1005Metric,1,,BUS_LIMIT_RAW_N,-0.51,0,0.54,0.64,https://industrial.panasonic.com/cdbs/www-data/pdf/RDA0000/AOA0000C307.pdf
R121,ERJ2RKF4702X,hub-lib:R_0402_1005Metric,2,,BUS_FAULT_FILTER_N,0.51,0,0.54,0.64,https://industrial.panasonic.com/cdbs/www-data/pdf/RDA0000/AOA0000C307.pdf
R122,ERJ2RKF1001X,hub-lib:R_0402_1005Metric,1,,BUS_FAULT_FILTER_N,-0.51,0,0.54,0.64,https://industrial.panasonic.com/cdbs/www-data/pdf/RDA0000/AOA0000C307.pdf
R122,ERJ2RKF1001X,hub-lib:R_0402_1005Metric,2,,BUS_FAULT_CAP,0.51,0,0.54,0.64,https://industrial.panasonic.com/cdbs/www-data/pdf/RDA0000/AOA0000C307.pdf
C116,GRM32ER71E226KE15L,hub-lib:C_1210_3225Metric,1,,ISO_3V3,-1.475,0,1.15,2.7,https://www.murata.com/en-global/products/productdetail?partno=GRM32ER71E226KE15%23
C116,GRM32ER71E226KE15L,hub-lib:C_1210_3225Metric,2,,BUS_FAULT_CAP,1.475,0,1.15,2.7,https://www.murata.com/en-global/products/productdetail?partno=GRM32ER71E226KE15%23
U48,SN74LVC1G17DBVR,hub-lib:SOT-23-5,1,NC,NC,-1.1375,-0.95,1.325,0.6,https://www.ti.com/lit/ds/symlink/sn74lvc1g17.pdf
U48,SN74LVC1G17DBVR,hub-lib:SOT-23-5,2,,BUS_FAULT_FILTER_N,-1.1375,0,1.325,0.6,https://www.ti.com/lit/ds/symlink/sn74lvc1g17.pdf
U48,SN74LVC1G17DBVR,hub-lib:SOT-23-5,3,GND,GND2,-1.1375,0.95,1.325,0.6,https://www.ti.com/lit/ds/symlink/sn74lvc1g17.pdf
U48,SN74LVC1G17DBVR,hub-lib:SOT-23-5,4,,PORT_LIMIT_N,1.1375,0.95,1.325,0.6,https://www.ti.com/lit/ds/symlink/sn74lvc1g17.pdf
U48,SN74LVC1G17DBVR,hub-lib:SOT-23-5,5,VCC,ISO_3V3,1.1375,-0.95,1.325,0.6,https://www.ti.com/lit/ds/symlink/sn74lvc1g17.pdf
C117,GRM155R71H104KE14D,hub-lib:C_0402_1005Metric,1,,ISO_3V3,-0.48,0,0.56,0.62,https://www.murata.com/en-global/products/productdetail?partno=GRM155R71H104KE14%23
C117,GRM155R71H104KE14D,hub-lib:C_0402_1005Metric,2,,GND2,0.48,0,0.56,0.62,https://www.murata.com/en-global/products/productdetail?partno=GRM155R71H104KE14%23
U32,SN74LVC1G08DBVR,hub-lib:SOT-23-5,1,,EXT_SELECTED,-1.1375,-0.95,1.325,0.6,https://www.ti.com/lit/ds/symlink/sn74lvc1g08.pdf
U32,SN74LVC1G08DBVR,hub-lib:SOT-23-5,2,,PORT_FEED_EN,-1.1375,0,1.325,0.6,https://www.ti.com/lit/ds/symlink/sn74lvc1g08.pdf
U32,SN74LVC1G08DBVR,hub-lib:SOT-23-5,3,GND,GND2,-1.1375,0.95,1.325,0.6,https://www.ti.com/lit/ds/symlink/sn74lvc1g08.pdf
U32,SN74LVC1G08DBVR,hub-lib:SOT-23-5,4,,EXT_BYPASS_EN,1.1375,0.95,1.325,0.6,https://www.ti.com/lit/ds/symlink/sn74lvc1g08.pdf
U32,SN74LVC1G08DBVR,hub-lib:SOT-23-5,5,VCC,ISO_3V3,1.1375,-0.95,1.325,0.6,https://www.ti.com/lit/ds/symlink/sn74lvc1g08.pdf
U30,TPS22975NDSGR,hub-lib:Texas_DSG0008A_WSON-8-1EP_2x2mm_P0.5mm_EP0.9x1.6mm,1,VIN,ISO_5V,-0.95,-0.75,0.6,0.25,https://www.ti.com/lit/ds/symlink/tps22975.pdf
U30,TPS22975NDSGR,hub-lib:Texas_DSG0008A_WSON-8-1EP_2x2mm_P0.5mm_EP0.9x1.6mm,2,VIN,ISO_5V,-0.95,-0.25,0.6,0.25,https://www.ti.com/lit/ds/symlink/tps22975.pdf
U30,TPS22975NDSGR,hub-lib:Texas_DSG0008A_WSON-8-1EP_2x2mm_P0.5mm_EP0.9x1.6mm,3,ON,EXT_BYPASS_EN,-0.95,0.25,0.6,0.25,https://www.ti.com/lit/ds/symlink/tps22975.pdf
U30,TPS22975NDSGR,hub-lib:Texas_DSG0008A_WSON-8-1EP_2x2mm_P0.5mm_EP0.9x1.6mm,4,VBIAS,ISO_5V,-0.95,0.75,0.6,0.25,https://www.ti.com/lit/ds/symlink/tps22975.pdf
U30,TPS22975NDSGR,hub-lib:Texas_DSG0008A_WSON-8-1EP_2x2mm_P0.5mm_EP0.9x1.6mm,5,GND,GND2,0.95,0.75,0.6,0.25,https://www.ti.com/lit/ds/symlink/tps22975.pdf
U30,TPS22975NDSGR,hub-lib:Texas_DSG0008A_WSON-8-1EP_2x2mm_P0.5mm_EP0.9x1.6mm,6,CT,EXT_PORT_SLEW,0.95,0.25,0.6,0.25,https://www.ti.com/lit/ds/symlink/tps22975.pdf
U30,TPS22975NDSGR,hub-lib:Texas_DSG0008A_WSON-8-1EP_2x2mm_P0.5mm_EP0.9x1.6mm,7,VOUT,EXT_PORT_FEED,0.95,-0.25,0.6,0.25,https://www.ti.com/lit/ds/symlink/tps22975.pdf
U30,TPS22975NDSGR,hub-lib:Texas_DSG0008A_WSON-8-1EP_2x2mm_P0.5mm_EP0.9x1.6mm,8,VOUT,EXT_PORT_FEED,0.95,-0.75,0.6,0.25,https://www.ti.com/lit/ds/symlink/tps22975.pdf
U30,TPS22975NDSGR,hub-lib:Texas_DSG0008A_WSON-8-1EP_2x2mm_P0.5mm_EP0.9x1.6mm,9,EP,GND2,0,0,0.9,1.6,https://www.ti.com/lit/ds/symlink/tps22975.pdf
C115,GRM155R71H223KA12D,hub-lib:C_0402_1005Metric,1,,EXT_PORT_SLEW,-0.48,0,0.56,0.62,https://www.murata.com/en-global/products/productdetail?partno=GRM155R71H223KA12%23
C115,GRM155R71H223KA12D,hub-lib:C_0402_1005Metric,2,,GND2,0.48,0,0.56,0.62,https://www.murata.com/en-global/products/productdetail?partno=GRM155R71H223KA12%23
R116,WSLP1206R0100FEA,hub-lib:R_1206_3216Metric,1,,EXT_PORT_FEED,-1.4625,0,1.125,1.75,https://www.vishay.com/docs/30122/wslp.pdf
R116,WSLP1206R0100FEA,hub-lib:R_1206_3216Metric,2,,PORT_SUPPLY,1.4625,0,1.125,1.75,https://www.vishay.com/docs/30122/wslp.pdf
U47,INA300AIDGSR,hub-lib:MSOP-10_3x3mm_P0.5mm,1,IN+,EXT_PORT_FEED,-2.1,-1,1.5,0.35,https://www.ti.com/lit/ds/symlink/ina300.pdf
U47,INA300AIDGSR,hub-lib:MSOP-10_3x3mm_P0.5mm,2,IN-,PORT_SUPPLY,-2.1,-0.5,1.5,0.35,https://www.ti.com/lit/ds/symlink/ina300.pdf
U47,INA300AIDGSR,hub-lib:MSOP-10_3x3mm_P0.5mm,3,LIMIT,EXT_PORT_TRIP,-2.1,0,1.5,0.35,https://www.ti.com/lit/ds/symlink/ina300.pdf
U47,INA300AIDGSR,hub-lib:MSOP-10_3x3mm_P0.5mm,4,ENABLE,ISO_3V3,-2.1,0.5,1.5,0.35,https://www.ti.com/lit/ds/symlink/ina300.pdf
U47,INA300AIDGSR,hub-lib:MSOP-10_3x3mm_P0.5mm,5,ALERT_N,PORT_RAIL_OK,-2.1,1,1.5,0.35,https://www.ti.com/lit/ds/symlink/ina300.pdf
U47,INA300AIDGSR,hub-lib:MSOP-10_3x3mm_P0.5mm,6,LATCH,PORT_ANY_ON,2.1,1,1.5,0.35,https://www.ti.com/lit/ds/symlink/ina300.pdf
U47,INA300AIDGSR,hub-lib:MSOP-10_3x3mm_P0.5mm,7,DELAY,NC,2.1,0.5,1.5,0.35,https://www.ti.com/lit/ds/symlink/ina300.pdf
U47,INA300AIDGSR,hub-lib:MSOP-10_3x3mm_P0.5mm,8,GND,GND2,2.1,0,1.5,0.35,https://www.ti.com/lit/ds/symlink/ina300.pdf
U47,INA300AIDGSR,hub-lib:MSOP-10_3x3mm_P0.5mm,9,VS,ISO_3V3,2.1,-0.5,1.5,0.35,https://www.ti.com/lit/ds/symlink/ina300.pdf
U47,INA300AIDGSR,hub-lib:MSOP-10_3x3mm_P0.5mm,10,HYS,NC,2.1,-1,1.5,0.35,https://www.ti.com/lit/ds/symlink/ina300.pdf
R117,RT0603BRB071K1L,hub-lib:R_0603_1608Metric,1,,EXT_PORT_TRIP,-0.825,0,0.8,0.95,https://www.yageo.com/upload/media/product/productsearch/datasheet/rchip/PYu-RT_51_RoHS_L.pdf
R117,RT0603BRB071K1L,hub-lib:R_0603_1608Metric,2,,GND2,0.825,0,0.8,0.95,https://www.yageo.com/upload/media/product/productsearch/datasheet/rchip/PYu-RT_51_RoHS_L.pdf
C112,GRM155R71H104KE14D,hub-lib:C_0402_1005Metric,1,,ISO_3V3,-0.48,0,0.56,0.62,https://www.murata.com/en-global/products/productdetail?partno=GRM155R71H104KE14%23
C112,GRM155R71H104KE14D,hub-lib:C_0402_1005Metric,2,,GND2,0.48,0,0.56,0.62,https://www.murata.com/en-global/products/productdetail?partno=GRM155R71H104KE14%23
U31,TPS3808G01DBVR,hub-lib:SOT-23-6,1,RESET_N,PORT_RAIL_OK,-1.1375,-0.95,1.325,0.6,https://www.ti.com/lit/ds/symlink/tps3808.pdf
U31,TPS3808G01DBVR,hub-lib:SOT-23-6,2,GND,GND2,-1.1375,0,1.325,0.6,https://www.ti.com/lit/ds/symlink/tps3808.pdf
U31,TPS3808G01DBVR,hub-lib:SOT-23-6,3,MR_N,ISO_3V3,-1.1375,0.95,1.325,0.6,https://www.ti.com/lit/ds/symlink/tps3808.pdf
U31,TPS3808G01DBVR,hub-lib:SOT-23-6,4,CT,NC,1.1375,0.95,1.325,0.6,https://www.ti.com/lit/ds/symlink/tps3808.pdf
U31,TPS3808G01DBVR,hub-lib:SOT-23-6,5,SENSE,PORT_SENSE,1.1375,0,1.325,0.6,https://www.ti.com/lit/ds/symlink/tps3808.pdf
U31,TPS3808G01DBVR,hub-lib:SOT-23-6,6,VDD,ISO_3V3,1.1375,-0.95,1.325,0.6,https://www.ti.com/lit/ds/symlink/tps3808.pdf
R64,RT0603BRB07100KL,hub-lib:R_0603_1608Metric,1,,ISO_5V,-0.825,0,0.8,0.95,https://www.yageo.com/upload/media/product/productsearch/datasheet/rchip/PYu-RT_51_RoHS_L.pdf
R64,RT0603BRB07100KL,hub-lib:R_0603_1608Metric,2,,PORT_SENSE,0.825,0,0.8,0.95,https://www.yageo.com/upload/media/product/productsearch/datasheet/rchip/PYu-RT_51_RoHS_L.pdf
R65,RT0603BRB0710KL,hub-lib:R_0603_1608Metric,1,,PORT_SENSE,-0.825,0,0.8,0.95,https://www.yageo.com/upload/media/product/productsearch/datasheet/rchip/PYu-RT_51_RoHS_L.pdf
R65,RT0603BRB0710KL,hub-lib:R_0603_1608Metric,2,,GND2,0.825,0,0.8,0.95,https://www.yageo.com/upload/media/product/productsearch/datasheet/rchip/PYu-RT_51_RoHS_L.pdf
R66,ERJ2RKF1002X,hub-lib:R_0402_1005Metric,1,,ISO_3V3,-0.51,0,0.54,0.64,https://industrial.panasonic.com/cdbs/www-data/pdf/RDA0000/AOA0000C307.pdf
R66,ERJ2RKF1002X,hub-lib:R_0402_1005Metric,2,,PORT_RAIL_OK,0.51,0,0.54,0.64,https://industrial.panasonic.com/cdbs/www-data/pdf/RDA0000/AOA0000C307.pdf
C94,GRM155R71H104KE14D,hub-lib:C_0402_1005Metric,1,,ISO_3V3,-0.48,0,0.56,0.62,https://www.murata.com/en-global/products/productdetail?partno=GRM155R71H104KE14%23
C94,GRM155R71H104KE14D,hub-lib:C_0402_1005Metric,2,,GND2,0.48,0,0.56,0.62,https://www.murata.com/en-global/products/productdetail?partno=GRM155R71H104KE14%23
C95,GRM155R71H104KE14D,hub-lib:C_0402_1005Metric,1,,ISO_3V3,-0.48,0,0.56,0.62,https://www.murata.com/en-global/products/productdetail?partno=GRM155R71H104KE14%23
C95,GRM155R71H104KE14D,hub-lib:C_0402_1005Metric,2,,GND2,0.48,0,0.56,0.62,https://www.murata.com/en-global/products/productdetail?partno=GRM155R71H104KE14%23
C96,GRM155R71H104KE14D,hub-lib:C_0402_1005Metric,1,,ISO_5V,-0.48,0,0.56,0.62,https://www.murata.com/en-global/products/productdetail?partno=GRM155R71H104KE14%23
C96,GRM155R71H104KE14D,hub-lib:C_0402_1005Metric,2,,GND2,0.48,0,0.56,0.62,https://www.murata.com/en-global/products/productdetail?partno=GRM155R71H104KE14%23
C97,GRM155R71H104KE14D,hub-lib:C_0402_1005Metric,1,,PORT_SUPPLY,-0.48,0,0.56,0.62,https://www.murata.com/en-global/products/productdetail?partno=GRM155R71H104KE14%23
C97,GRM155R71H104KE14D,hub-lib:C_0402_1005Metric,2,,GND2,0.48,0,0.56,0.62,https://www.murata.com/en-global/products/productdetail?partno=GRM155R71H104KE14%23
TP9,,hub-lib:TestPoint_Pad_D1.0mm,1,1,ISO_5V,0,0,1,1,
TP10,,hub-lib:TestPoint_Pad_D1.0mm,1,1,PORT_SUPPLY,0,0,1,1,
TP11,,hub-lib:TestPoint_Pad_D1.0mm,1,1,PORT_RAIL_OK,0,0,1,1,
U41,SN74LVC1G08DBVR,hub-lib:SOT-23-5,1,,PORT_ANY_ON,-1.1375,-0.95,1.325,0.6,https://www.ti.com/lit/ds/symlink/sn74lvc1g08.pdf
U41,SN74LVC1G08DBVR,hub-lib:SOT-23-5,2,,PORT_RAIL_OK,-1.1375,0,1.325,0.6,https://www.ti.com/lit/ds/symlink/sn74lvc1g08.pdf
U41,SN74LVC1G08DBVR,hub-lib:SOT-23-5,3,GND,GND2,-1.1375,0.95,1.325,0.6,https://www.ti.com/lit/ds/symlink/sn74lvc1g08.pdf
U41,SN74LVC1G08DBVR,hub-lib:SOT-23-5,4,,PORT_FEED_EN,1.1375,0.95,1.325,0.6,https://www.ti.com/lit/ds/symlink/sn74lvc1g08.pdf
U41,SN74LVC1G08DBVR,hub-lib:SOT-23-5,5,VCC,ISO_3V3,1.1375,-0.95,1.325,0.6,https://www.ti.com/lit/ds/symlink/sn74lvc1g08.pdf
U42,SN74LVC1G04DBVR,hub-lib:SOT-23-5,1,NC,NC,-1.1375,-0.95,1.325,0.6,https://www.ti.com/lit/ds/symlink/sn74lvc1g04.pdf
U42,SN74LVC1G04DBVR,hub-lib:SOT-23-5,2,,EXT_SELECTED,-1.1375,0,1.325,0.6,https://www.ti.com/lit/ds/symlink/sn74lvc1g04.pdf
U42,SN74LVC1G04DBVR,hub-lib:SOT-23-5,3,GND,GND2,-1.1375,0.95,1.325,0.6,https://www.ti.com/lit/ds/symlink/sn74lvc1g04.pdf
U42,SN74LVC1G04DBVR,hub-lib:SOT-23-5,4,,BUS_SELECTED,1.1375,0.95,1.325,0.6,https://www.ti.com/lit/ds/symlink/sn74lvc1g04.pdf
U42,SN74LVC1G04DBVR,hub-lib:SOT-23-5,5,VCC,ISO_3V3,1.1375,-0.95,1.325,0.6,https://www.ti.com/lit/ds/symlink/sn74lvc1g04.pdf
U43,SN74LVC1G08DBVR,hub-lib:SOT-23-5,1,,PORT_FEED_EN,-1.1375,-0.95,1.325,0.6,https://www.ti.com/lit/ds/symlink/sn74lvc1g08.pdf
U43,SN74LVC1G08DBVR,hub-lib:SOT-23-5,2,,BUS_SELECTED,-1.1375,0,1.325,0.6,https://www.ti.com/lit/ds/symlink/sn74lvc1g08.pdf
U43,SN74LVC1G08DBVR,hub-lib:SOT-23-5,3,GND,GND2,-1.1375,0.95,1.325,0.6,https://www.ti.com/lit/ds/symlink/sn74lvc1g08.pdf
U43,SN74LVC1G08DBVR,hub-lib:SOT-23-5,4,,BUS_FEED_EN,1.1375,0.95,1.325,0.6,https://www.ti.com/lit/ds/symlink/sn74lvc1g08.pdf
U43,SN74LVC1G08DBVR,hub-lib:SOT-23-5,5,VCC,ISO_3V3,1.1375,-0.95,1.325,0.6,https://www.ti.com/lit/ds/symlink/sn74lvc1g08.pdf
R83,ERJ2RKF1002X,hub-lib:R_0402_1005Metric,1,,PORT_ANY_ON,-0.51,0,0.54,0.64,https://industrial.panasonic.com/cdbs/www-data/pdf/RDA0000/AOA0000C307.pdf
R83,ERJ2RKF1002X,hub-lib:R_0402_1005Metric,2,,GND2,0.51,0,0.54,0.64,https://industrial.panasonic.com/cdbs/www-data/pdf/RDA0000/AOA0000C307.pdf
C107,GRM155R71H104KE14D,hub-lib:C_0402_1005Metric,1,,ISO_3V3,-0.48,0,0.56,0.62,https://www.murata.com/en-global/products/productdetail?partno=GRM155R71H104KE14%23
C107,GRM155R71H104KE14D,hub-lib:C_0402_1005Metric,2,,GND2,0.48,0,0.56,0.62,https://www.murata.com/en-global/products/productdetail?partno=GRM155R71H104KE14%23
C108,GRM155R71H104KE14D,hub-lib:C_0402_1005Metric,1,,ISO_3V3,-0.48,0,0.56,0.62,https://www.murata.com/en-global/products/productdetail?partno=GRM155R71H104KE14%23
C108,GRM155R71H104KE14D,hub-lib:C_0402_1005Metric,2,,GND2,0.48,0,0.56,0.62,https://www.murata.com/en-global/products/productdetail?partno=GRM155R71H104KE14%23
C109,GRM155R71H104KE14D,hub-lib:C_0402_1005Metric,1,,ISO_3V3,-0.48,0,0.56,0.62,https://www.murata.com/en-global/products/productdetail?partno=GRM155R71H104KE14%23
C109,GRM155R71H104KE14D,hub-lib:C_0402_1005Metric,2,,GND2,0.48,0,0.56,0.62,https://www.murata.com/en-global/products/productdetail?partno=GRM155R71H104KE14%23
D14,BAT54WS-7-F,hub-lib:D_SOD-323,1,K,PORT_ANY_ON,-1.05,0,0.6,0.45,https://www.diodes.com/assets/Datasheets/BAT54WS.pdf
D14,BAT54WS-7-F,hub-lib:D_SOD-323,2,A,PRTPWR1,1.05,0,0.6,0.45,https://www.diodes.com/assets/Datasheets/BAT54WS.pdf
D15,BAT54WS-7-F,hub-lib:D_SOD-323,1,K,PORT_ANY_ON,-1.05,0,0.6,0.45,https://www.diodes.com/assets/Datasheets/BAT54WS.pdf
D15,BAT54WS-7-F,hub-lib:D_SOD-323,2,A,PRTPWR2,1.05,0,0.6,0.45,https://www.diodes.com/assets/Datasheets/BAT54WS.pdf
D16,BAT54WS-7-F,hub-lib:D_SOD-323,1,K,PORT_ANY_ON,-1.05,0,0.6,0.45,https://www.diodes.com/assets/Datasheets/BAT54WS.pdf
D16,BAT54WS-7-F,hub-lib:D_SOD-323,2,A,PRTPWR3,1.05,0,0.6,0.45,https://www.diodes.com/assets/Datasheets/BAT54WS.pdf
D17,BAT54WS-7-F,hub-lib:D_SOD-323,1,K,PORT_ANY_ON,-1.05,0,0.6,0.45,https://www.diodes.com/assets/Datasheets/BAT54WS.pdf
D17,BAT54WS-7-F,hub-lib:D_SOD-323,2,A,PRTPWR4,1.05,0,0.6,0.45,https://www.diodes.com/assets/Datasheets/BAT54WS.pdf
D20,"BAT54C,215",hub-lib:SOT-23,1,,OCS1_N,-0.9375,-0.95,1.475,0.6,https://assets.nexperia.com/documents/data-sheet/BAT54_SER.pdf
D20,"BAT54C,215",hub-lib:SOT-23,2,,OCS2_N,-0.9375,0.95,1.475,0.6,https://assets.nexperia.com/documents/data-sheet/BAT54_SER.pdf
D20,"BAT54C,215",hub-lib:SOT-23,3,,PORT_LIMIT_N,0.9375,0,1.475,0.6,https://assets.nexperia.com/documents/data-sheet/BAT54_SER.pdf
D21,"BAT54C,215",hub-lib:SOT-23,1,,OCS3_N,-0.9375,-0.95,1.475,0.6,https://assets.nexperia.com/documents/data-sheet/BAT54_SER.pdf
D21,"BAT54C,215",hub-lib:SOT-23,2,,OCS4_N,-0.9375,0.95,1.475,0.6,https://assets.nexperia.com/documents/data-sheet/BAT54_SER.pdf
D21,"BAT54C,215",hub-lib:SOT-23,3,,PORT_LIMIT_N,0.9375,0,1.475,0.6,https://assets.nexperia.com/documents/data-sheet/BAT54_SER.pdf
D22,"BAT54C,215",hub-lib:SOT-23,1,,OCS1_N,-0.9375,-0.95,1.475,0.6,https://assets.nexperia.com/documents/data-sheet/BAT54_SER.pdf
D22,"BAT54C,215",hub-lib:SOT-23,2,,OCS2_N,-0.9375,0.95,1.475,0.6,https://assets.nexperia.com/documents/data-sheet/BAT54_SER.pdf
D22,"BAT54C,215",hub-lib:SOT-23,3,,PORT_RAIL_OK,0.9375,0,1.475,0.6,https://assets.nexperia.com/documents/data-sheet/BAT54_SER.pdf
D23,"BAT54C,215",hub-lib:SOT-23,1,,OCS3_N,-0.9375,-0.95,1.475,0.6,https://assets.nexperia.com/documents/data-sheet/BAT54_SER.pdf
D23,"BAT54C,215",hub-lib:SOT-23,2,,OCS4_N,-0.9375,0.95,1.475,0.6,https://assets.nexperia.com/documents/data-sheet/BAT54_SER.pdf
D23,"BAT54C,215",hub-lib:SOT-23,3,,PORT_RAIL_OK,0.9375,0,1.475,0.6,https://assets.nexperia.com/documents/data-sheet/BAT54_SER.pdf
U10,TPS62162DSGR,hub-lib:Texas_DSG0008A_WSON-8-1EP_2x2mm_P0.5mm_EP0.9x1.6mm,1,PGND,GND2,-0.95,-0.75,0.6,0.25,https://www.ti.com/lit/ds/symlink/tps62162.pdf
U10,TPS62162DSGR,hub-lib:Texas_DSG0008A_WSON-8-1EP_2x2mm_P0.5mm_EP0.9x1.6mm,2,VIN,ISO_5V,-0.95,-0.25,0.6,0.25,https://www.ti.com/lit/ds/symlink/tps62162.pdf
U10,TPS62162DSGR,hub-lib:Texas_DSG0008A_WSON-8-1EP_2x2mm_P0.5mm_EP0.9x1.6mm,3,EN,ISO_5V,-0.95,0.25,0.6,0.25,https://www.ti.com/lit/ds/symlink/tps62162.pdf
U10,TPS62162DSGR,hub-lib:Texas_DSG0008A_WSON-8-1EP_2x2mm_P0.5mm_EP0.9x1.6mm,4,AGND,GND2,-0.95,0.75,0.6,0.25,https://www.ti.com/lit/ds/symlink/tps62162.pdf
U10,TPS62162DSGR,hub-lib:Texas_DSG0008A_WSON-8-1EP_2x2mm_P0.5mm_EP0.9x1.6mm,5,FB,GND2,0.95,0.75,0.6,0.25,https://www.ti.com/lit/ds/symlink/tps62162.pdf
U10,TPS62162DSGR,hub-lib:Texas_DSG0008A_WSON-8-1EP_2x2mm_P0.5mm_EP0.9x1.6mm,6,VOS,ISO_3V3,0.95,0.25,0.6,0.25,https://www.ti.com/lit/ds/symlink/tps62162.pdf
U10,TPS62162DSGR,hub-lib:Texas_DSG0008A_WSON-8-1EP_2x2mm_P0.5mm_EP0.9x1.6mm,7,SW,BUCK33_SW,0.95,-0.25,0.6,0.25,https://www.ti.com/lit/ds/symlink/tps62162.pdf
U10,TPS62162DSGR,hub-lib:Texas_DSG0008A_WSON-8-1EP_2x2mm_P0.5mm_EP0.9x1.6mm,8,PG,BUCK33_PG,0.95,-0.75,0.6,0.25,https://www.ti.com/lit/ds/symlink/tps62162.pdf
U10,TPS62162DSGR,hub-lib:Texas_DSG0008A_WSON-8-1EP_2x2mm_P0.5mm_EP0.9x1.6mm,9,PAD,GND2,0,0,0.9,1.6,https://www.ti.com/lit/ds/symlink/tps62162.pdf
L2,XFL4020-222MEC,hub-lib:Coilcraft_XFL4020_4x4mm,1,1,BUCK33_SW,-1.7,0,0.98,2.37,https://www.coilcraft.com/getmedia/50632d43-da1b-4cdb-8ab4-3029cab51df3/xfl4020.pdf
L2,XFL4020-222MEC,hub-lib:Coilcraft_XFL4020_4x4mm,2,2,ISO_3V3,1.7,0,0.98,2.37,https://www.coilcraft.com/getmedia/50632d43-da1b-4cdb-8ab4-3029cab51df3/xfl4020.pdf
C30,GRM21BR61E106KA73L,hub-lib:C_0805_2012Metric,1,,ISO_5V,-0.95,0,1,1.45,https://www.murata.com/en-global/products/productdetail?partno=GRM21BR61E106KA73%23
C30,GRM21BR61E106KA73L,hub-lib:C_0805_2012Metric,2,,GND2,0.95,0,1,1.45,https://www.murata.com/en-global/products/productdetail?partno=GRM21BR61E106KA73%23
C31,GRM32ER71E226KE15L,hub-lib:C_1210_3225Metric,1,,ISO_3V3,-1.475,0,1.15,2.7,https://www.murata.com/en-global/products/productdetail?partno=GRM32ER71E226KE15%23
C31,GRM32ER71E226KE15L,hub-lib:C_1210_3225Metric,2,,GND2,1.475,0,1.15,2.7,https://www.murata.com/en-global/products/productdetail?partno=GRM32ER71E226KE15%23
R67,ERJ2RKF1002X,hub-lib:R_0402_1005Metric,1,,ISO_3V3,-0.51,0,0.54,0.64,https://industrial.panasonic.com/cdbs/www-data/pdf/RDA0000/AOA0000C307.pdf
R67,ERJ2RKF1002X,hub-lib:R_0402_1005Metric,2,,BUCK33_PG,0.51,0,0.54,0.64,https://industrial.panasonic.com/cdbs/www-data/pdf/RDA0000/AOA0000C307.pdf
U11,USB2514B-I/M2,hub-lib:Microchip_SQFN36_6x6mm_EP3.7mm,1,USBDM_DN1/PRT_DIS_M1,PORT1_D-,-2.775,-2,0.9,0.28,https://ww1.microchip.com/downloads/aemDocuments/documents/UNG/ProductDocuments/DataSheets/USB251xB-xBi-Data-Sheet-DS00001692.pdf
U11,USB2514B-I/M2,hub-lib:Microchip_SQFN36_6x6mm_EP3.7mm,2,USBDP_DN1/PRT_DIS_P1,PORT1_D+,-2.775,-1.5,0.9,0.28,https://ww1.microchip.com/downloads/aemDocuments/documents/UNG/ProductDocuments/DataSheets/USB251xB-xBi-Data-Sheet-DS00001692.pdf
U11,USB2514B-I/M2,hub-lib:Microchip_SQFN36_6x6mm_EP3.7mm,3,USBDM_DN2/PRT_DIS_M2,PORT2_D-,-2.775,-1,0.9,0.28,https://ww1.microchip.com/downloads/aemDocuments/documents/UNG/ProductDocuments/DataSheets/USB251xB-xBi-Data-Sheet-DS00001692.pdf
U11,USB2514B-I/M2,hub-lib:Microchip_SQFN36_6x6mm_EP3.7mm,4,USBDP_DN2/PRT_DIS_P2,PORT2_D+,-2.775,-0.5,0.9,0.28,https://ww1.microchip.com/downloads/aemDocuments/documents/UNG/ProductDocuments/DataSheets/USB251xB-xBi-Data-Sheet-DS00001692.pdf
U11,USB2514B-I/M2,hub-lib:Microchip_SQFN36_6x6mm_EP3.7mm,5,VDDA33,ISO_3V3,-2.775,0,0.9,0.28,https://ww1.microchip.com/downloads/aemDocuments/documents/UNG/ProductDocuments/DataSheets/USB251xB-xBi-Data-Sheet-DS00001692.pdf
U11,USB2514B-I/M2,hub-lib:Microchip_SQFN36_6x6mm_EP3.7mm,6,USBDM_DN3/PRT_DIS_M3,PORT3_D-,-2.775,0.5,0.9,0.28,https://ww1.microchip.com/downloads/aemDocuments/documents/UNG/ProductDocuments/DataSheets/USB251xB-xBi-Data-Sheet-DS00001692.pdf
U11,USB2514B-I/M2,hub-lib:Microchip_SQFN36_6x6mm_EP3.7mm,7,USBDP_DN3/PRT_DIS_P3,PORT3_D+,-2.775,1,0.9,0.28,https://ww1.microchip.com/downloads/aemDocuments/documents/UNG/ProductDocuments/DataSheets/USB251xB-xBi-Data-Sheet-DS00001692.pdf
U11,USB2514B-I/M2,hub-lib:Microchip_SQFN36_6x6mm_EP3.7mm,8,USBDM_DN4/PRT_DIS_M4,PORT4_D-,-2.775,1.5,0.9,0.28,https://ww1.microchip.com/downloads/aemDocuments/documents/UNG/ProductDocuments/DataSheets/USB251xB-xBi-Data-Sheet-DS00001692.pdf
U11,USB2514B-I/M2,hub-lib:Microchip_SQFN36_6x6mm_EP3.7mm,9,USBDP_DN4/PRT_DIS_P4,PORT4_D+,-2.775,2,0.9,0.28,https://ww1.microchip.com/downloads/aemDocuments/documents/UNG/ProductDocuments/DataSheets/USB251xB-xBi-Data-Sheet-DS00001692.pdf
U11,USB2514B-I/M2,hub-lib:Microchip_SQFN36_6x6mm_EP3.7mm,10,VDDA33,ISO_3V3,-2,2.775,0.28,0.9,https://ww1.microchip.com/downloads/aemDocuments/documents/UNG/ProductDocuments/DataSheets/USB251xB-xBi-Data-Sheet-DS00001692.pdf
U11,USB2514B-I/M2,hub-lib:Microchip_SQFN36_6x6mm_EP3.7mm,11,TEST,GND2,-1.5,2.775,0.28,0.9,https://ww1.microchip.com/downloads/aemDocuments/documents/UNG/ProductDocuments/DataSheets/USB251xB-xBi-Data-Sheet-DS00001692.pdf
U11,USB2514B-I/M2,hub-lib:Microchip_SQFN36_6x6mm_EP3.7mm,12,PRTPWR1/BC_EN1,PRTPWR1,-1,2.775,0.28,0.9,https://ww1.microchip.com/downloads/aemDocuments/documents/UNG/ProductDocuments/DataSheets/USB251xB-xBi-Data-Sheet-DS00001692.pdf
U11,USB2514B-I/M2,hub-lib:Microchip_SQFN36_6x6mm_EP3.7mm,13,OCS_N1,OCS1_N,-0.5,2.775,0.28,0.9,https://ww1.microchip.com/downloads/aemDocuments/documents/UNG/ProductDocuments/DataSheets/USB251xB-xBi-Data-Sheet-DS00001692.pdf
U11,USB2514B-I/M2,hub-lib:Microchip_SQFN36_6x6mm_EP3.7mm,14,CRFILT,HUB_CRFILT,0,2.775,0.28,0.9,https://ww1.microchip.com/downloads/aemDocuments/documents/UNG/ProductDocuments/DataSheets/USB251xB-xBi-Data-Sheet-DS00001692.pdf
U11,USB2514B-I/M2,hub-lib:Microchip_SQFN36_6x6mm_EP3.7mm,15,VDD33,ISO_3V3,0.5,2.775,0.28,0.9,https://ww1.microchip.com/downloads/aemDocuments/documents/UNG/ProductDocuments/DataSheets/USB251xB-xBi-Data-Sheet-DS00001692.pdf
U11,USB2514B-I/M2,hub-lib:Microchip_SQFN36_6x6mm_EP3.7mm,16,PRTPWR2/BC_EN2,PRTPWR2,1,2.775,0.28,0.9,https://ww1.microchip.com/downloads/aemDocuments/documents/UNG/ProductDocuments/DataSheets/USB251xB-xBi-Data-Sheet-DS00001692.pdf
U11,USB2514B-I/M2,hub-lib:Microchip_SQFN36_6x6mm_EP3.7mm,17,OCS_N2,OCS2_N,1.5,2.775,0.28,0.9,https://ww1.microchip.com/downloads/aemDocuments/documents/UNG/ProductDocuments/DataSheets/USB251xB-xBi-Data-Sheet-DS00001692.pdf
U11,USB2514B-I/M2,hub-lib:Microchip_SQFN36_6x6mm_EP3.7mm,18,PRTPWR3/BC_EN3,PRTPWR3,2,2.775,0.28,0.9,https://ww1.microchip.com/downloads/aemDocuments/documents/UNG/ProductDocuments/DataSheets/USB251xB-xBi-Data-Sheet-DS00001692.pdf
U11,USB2514B-I/M2,hub-lib:Microchip_SQFN36_6x6mm_EP3.7mm,19,OCS_N3,OCS3_N,2.775,2,0.9,0.28,https://ww1.microchip.com/downloads/aemDocuments/documents/UNG/ProductDocuments/DataSheets/USB251xB-xBi-Data-Sheet-DS00001692.pdf
U11,USB2514B-I/M2,hub-lib:Microchip_SQFN36_6x6mm_EP3.7mm,20,PRTPWR4/BC_EN4,PRTPWR4,2.775,1.5,0.9,0.28,https://ww1.microchip.com/downloads/aemDocuments/documents/UNG/ProductDocuments/DataSheets/USB251xB-xBi-Data-Sheet-DS00001692.pdf
U11,USB2514B-I/M2,hub-lib:Microchip_SQFN36_6x6mm_EP3.7mm,21,OCS_N4,OCS4_N,2.775,1,0.9,0.28,https://ww1.microchip.com/downloads/aemDocuments/documents/UNG/ProductDocuments/DataSheets/USB251xB-xBi-Data-Sheet-DS00001692.pdf
U11,USB2514B-I/M2,hub-lib:Microchip_SQFN36_6x6mm_EP3.7mm,22,SDA/SMBDATA/NON_REM1,HUB_SDA,2.775,0.5,0.9,0.28,https://ww1.microchip.com/downloads/aemDocuments/documents/UNG/ProductDocuments/DataSheets/USB251xB-xBi-Data-Sheet-DS00001692.pdf
U11,USB2514B-I/M2,hub-lib:Microchip_SQFN36_6x6mm_EP3.7mm,23,VDD33,ISO_3V3,2.775,0,0.9,0.28,https://ww1.microchip.com/downloads/aemDocuments/documents/UNG/ProductDocuments/DataSheets/USB251xB-xBi-Data-Sheet-DS00001692.pdf
U11,USB2514B-I/M2,hub-lib:Microchip_SQFN36_6x6mm_EP3.7mm,24,SCL/SMBCLK/CFG_SEL0,HUB_SCL,2.775,-0.5,0.9,0.28,https://ww1.microchip.com/downloads/aemDocuments/documents/UNG/ProductDocuments/DataSheets/USB251xB-xBi-Data-Sheet-DS00001692.pdf
U11,USB2514B-I/M2,hub-lib:Microchip_SQFN36_6x6mm_EP3.7mm,25,HS_IND/CFG_SEL1,HUB_CFG1,2.775,-1,0.9,0.28,https://ww1.microchip.com/downloads/aemDocuments/documents/UNG/ProductDocuments/DataSheets/USB251xB-xBi-Data-Sheet-DS00001692.pdf
U11,USB2514B-I/M2,hub-lib:Microchip_SQFN36_6x6mm_EP3.7mm,26,RESET_N,HUB_RESET_N,2.775,-1.5,0.9,0.28,https://ww1.microchip.com/downloads/aemDocuments/documents/UNG/ProductDocuments/DataSheets/USB251xB-xBi-Data-Sheet-DS00001692.pdf
U11,USB2514B-I/M2,hub-lib:Microchip_SQFN36_6x6mm_EP3.7mm,27,VBUS_DET,HUB_VBUS_DET,2.775,-2,0.9,0.28,https://ww1.microchip.com/downloads/aemDocuments/documents/UNG/ProductDocuments/DataSheets/USB251xB-xBi-Data-Sheet-DS00001692.pdf
U11,USB2514B-I/M2,hub-lib:Microchip_SQFN36_6x6mm_EP3.7mm,28,SUSP_IND/LOCAL_PWR/NON_REM0,EXT_SELECTED,2,-2.775,0.28,0.9,https://ww1.microchip.com/downloads/aemDocuments/documents/UNG/ProductDocuments/DataSheets/USB251xB-xBi-Data-Sheet-DS00001692.pdf
U11,USB2514B-I/M2,hub-lib:Microchip_SQFN36_6x6mm_EP3.7mm,29,VDDA33,ISO_3V3,1.5,-2.775,0.28,0.9,https://ww1.microchip.com/downloads/aemDocuments/documents/UNG/ProductDocuments/DataSheets/USB251xB-xBi-Data-Sheet-DS00001692.pdf
U11,USB2514B-I/M2,hub-lib:Microchip_SQFN36_6x6mm_EP3.7mm,30,USBDM_UP,HUB_UP_D-,1,-2.775,0.28,0.9,https://ww1.microchip.com/downloads/aemDocuments/documents/UNG/ProductDocuments/DataSheets/USB251xB-xBi-Data-Sheet-DS00001692.pdf
U11,USB2514B-I/M2,hub-lib:Microchip_SQFN36_6x6mm_EP3.7mm,31,USBDP_UP,HUB_UP_D+,0.5,-2.775,0.28,0.9,https://ww1.microchip.com/downloads/aemDocuments/documents/UNG/ProductDocuments/DataSheets/USB251xB-xBi-Data-Sheet-DS00001692.pdf
U11,USB2514B-I/M2,hub-lib:Microchip_SQFN36_6x6mm_EP3.7mm,32,XTALOUT,HUB_XO,0,-2.775,0.28,0.9,https://ww1.microchip.com/downloads/aemDocuments/documents/UNG/ProductDocuments/DataSheets/USB251xB-xBi-Data-Sheet-DS00001692.pdf
U11,USB2514B-I/M2,hub-lib:Microchip_SQFN36_6x6mm_EP3.7mm,33,XTALIN/CLKIN,HUB_XI,-0.5,-2.775,0.28,0.9,https://ww1.microchip.com/downloads/aemDocuments/documents/UNG/ProductDocuments/DataSheets/USB251xB-xBi-Data-Sheet-DS00001692.pdf
U11,USB2514B-I/M2,hub-lib:Microchip_SQFN36_6x6mm_EP3.7mm,34,PLLFILT,HUB_PLLFILT,-1,-2.775,0.28,0.9,https://ww1.microchip.com/downloads/aemDocuments/documents/UNG/ProductDocuments/DataSheets/USB251xB-xBi-Data-Sheet-DS00001692.pdf
U11,USB2514B-I/M2,hub-lib:Microchip_SQFN36_6x6mm_EP3.7mm,35,RBIAS,HUB_RBIAS,-1.5,-2.775,0.28,0.9,https://ww1.microchip.com/downloads/aemDocuments/documents/UNG/ProductDocuments/DataSheets/USB251xB-xBi-Data-Sheet-DS00001692.pdf
U11,USB2514B-I/M2,hub-lib:Microchip_SQFN36_6x6mm_EP3.7mm,36,VDDA33,ISO_3V3,-2,-2.775,0.28,0.9,https://ww1.microchip.com/downloads/aemDocuments/documents/UNG/ProductDocuments/DataSheets/USB251xB-xBi-Data-Sheet-DS00001692.pdf
U11,USB2514B-I/M2,hub-lib:Microchip_SQFN36_6x6mm_EP3.7mm,37,VSS,GND2,0,0,3.7,3.7,https://ww1.microchip.com/downloads/aemDocuments/documents/UNG/ProductDocuments/DataSheets/USB251xB-xBi-Data-Sheet-DS00001692.pdf
Y2,ABM8G-24.000MHZ-18-D2Y-T,hub-lib:Crystal_SMD_3225-4Pin_3.2x2.5mm,1,1,HUB_XO,-1.1,0.85,1.4,1.2,https://abracon.com/Resonators/abm8g.pdf
Y2,ABM8G-24.000MHZ-18-D2Y-T,hub-lib:Crystal_SMD_3225-4Pin_3.2x2.5mm,2,G,GND2,1.1,0.85,1.4,1.2,https://abracon.com/Resonators/abm8g.pdf
Y2,ABM8G-24.000MHZ-18-D2Y-T,hub-lib:Crystal_SMD_3225-4Pin_3.2x2.5mm,3,3,HUB_XI,1.1,-0.85,1.4,1.2,https://abracon.com/Resonators/abm8g.pdf
Y2,ABM8G-24.000MHZ-18-D2Y-T,hub-lib:Crystal_SMD_3225-4Pin_3.2x2.5mm,4,G,GND2,-1.1,-0.85,1.4,1.2,https://abracon.com/Resonators/abm8g.pdf
C32,GCM1555C1H270JA16D,hub-lib:C_0402_1005Metric,1,,HUB_XO,-0.48,0,0.56,0.62,https://www.murata.com/en-global/products/productdetail?partno=GCM1555C1H270JA16%23
C32,GCM1555C1H270JA16D,hub-lib:C_0402_1005Metric,2,,GND2,0.48,0,0.56,0.62,https://www.murata.com/en-global/products/productdetail?partno=GCM1555C1H270JA16%23
C33,GCM1555C1H270JA16D,hub-lib:C_0402_1005Metric,1,,HUB_XI,-0.48,0,0.56,0.62,https://www.murata.com/en-global/products/productdetail?partno=GCM1555C1H270JA16%23
C33,GCM1555C1H270JA16D,hub-lib:C_0402_1005Metric,2,,GND2,0.48,0,0.56,0.62,https://www.murata.com/en-global/products/productdetail?partno=GCM1555C1H270JA16%23
C34,GRM155R71H104KE14D,hub-lib:C_0402_1005Metric,1,,HUB_CRFILT,-0.48,0,0.56,0.62,https://www.murata.com/en-global/products/productdetail?partno=GRM155R71H104KE14%23
C34,GRM155R71H104KE14D,hub-lib:C_0402_1005Metric,2,,GND2,0.48,0,0.56,0.62,https://www.murata.com/en-global/products/productdetail?partno=GRM155R71H104KE14%23
C59,GRM155R71H104KE14D,hub-lib:C_0402_1005Metric,1,,HUB_PLLFILT,-0.48,0,0.56,0.62,https://www.murata.com/en-global/products/productdetail?partno=GRM155R71H104KE14%23
C59,GRM155R71H104KE14D,hub-lib:C_0402_1005Metric,2,,GND2,0.48,0,0.56,0.62,https://www.murata.com/en-global/products/productdetail?partno=GRM155R71H104KE14%23
C35,GRM155R71H104KE14D,hub-lib:C_0402_1005Metric,1,,ISO_3V3,-0.48,0,0.56,0.62,https://www.murata.com/en-global/products/productdetail?partno=GRM155R71H104KE14%23
C35,GRM155R71H104KE14D,hub-lib:C_0402_1005Metric,2,,GND2,0.48,0,0.56,0.62,https://www.murata.com/en-global/products/productdetail?partno=GRM155R71H104KE14%23
C36,GRM155R71H104KE14D,hub-lib:C_0402_1005Metric,1,,ISO_3V3,-0.48,0,0.56,0.62,https://www.murata.com/en-global/products/productdetail?partno=GRM155R71H104KE14%23
C36,GRM155R71H104KE14D,hub-lib:C_0402_1005Metric,2,,GND2,0.48,0,0.56,0.62,https://www.murata.com/en-global/products/productdetail?partno=GRM155R71H104KE14%23
C37,GRM155R71H104KE14D,hub-lib:C_0402_1005Metric,1,,ISO_3V3,-0.48,0,0.56,0.62,https://www.murata.com/en-global/products/productdetail?partno=GRM155R71H104KE14%23
C37,GRM155R71H104KE14D,hub-lib:C_0402_1005Metric,2,,GND2,0.48,0,0.56,0.62,https://www.murata.com/en-global/products/productdetail?partno=GRM155R71H104KE14%23
C38,GRM155R71H104KE14D,hub-lib:C_0402_1005Metric,1,,ISO_3V3,-0.48,0,0.56,0.62,https://www.murata.com/en-global/products/productdetail?partno=GRM155R71H104KE14%23
C38,GRM155R71H104KE14D,hub-lib:C_0402_1005Metric,2,,GND2,0.48,0,0.56,0.62,https://www.murata.com/en-global/products/productdetail?partno=GRM155R71H104KE14%23
C39,GRM155R71H104KE14D,hub-lib:C_0402_1005Metric,1,,ISO_3V3,-0.48,0,0.56,0.62,https://www.murata.com/en-global/products/productdetail?partno=GRM155R71H104KE14%23
C39,GRM155R71H104KE14D,hub-lib:C_0402_1005Metric,2,,GND2,0.48,0,0.56,0.62,https://www.murata.com/en-global/products/productdetail?partno=GRM155R71H104KE14%23
C40,GRM155R71H104KE14D,hub-lib:C_0402_1005Metric,1,,ISO_3V3,-0.48,0,0.56,0.62,https://www.murata.com/en-global/products/productdetail?partno=GRM155R71H104KE14%23
C40,GRM155R71H104KE14D,hub-lib:C_0402_1005Metric,2,,GND2,0.48,0,0.56,0.62,https://www.murata.com/en-global/products/productdetail?partno=GRM155R71H104KE14%23
C41,GRM188R61E475KE11D,hub-lib:C_0603_1608Metric,1,,ISO_3V3,-0.775,0,0.9,0.95,https://www.murata.com/en-global/products/productdetail?partno=GRM188R61E475KE11%23
C41,GRM188R61E475KE11D,hub-lib:C_0603_1608Metric,2,,GND2,0.775,0,0.9,0.95,https://www.murata.com/en-global/products/productdetail?partno=GRM188R61E475KE11%23
R32,ERJ2RKF1202X,hub-lib:R_0402_1005Metric,1,,HUB_RBIAS,-0.51,0,0.54,0.64,https://industrial.panasonic.com/cdbs/www-data/pdf/RDA0000/AOA0000C307.pdf
R32,ERJ2RKF1202X,hub-lib:R_0402_1005Metric,2,,GND2,0.51,0,0.54,0.64,https://industrial.panasonic.com/cdbs/www-data/pdf/RDA0000/AOA0000C307.pdf
U33,TPS3808G33DBVR,hub-lib:SOT-23-6,1,RESET_N,HUB_RESET_N,-1.1375,-0.95,1.325,0.6,https://www.ti.com/lit/ds/symlink/tps3808.pdf
U33,TPS3808G33DBVR,hub-lib:SOT-23-6,2,GND,GND2,-1.1375,0,1.325,0.6,https://www.ti.com/lit/ds/symlink/tps3808.pdf
U33,TPS3808G33DBVR,hub-lib:SOT-23-6,3,MR_N,HOST_PRESENT,-1.1375,0.95,1.325,0.6,https://www.ti.com/lit/ds/symlink/tps3808.pdf
U33,TPS3808G33DBVR,hub-lib:SOT-23-6,4,CT,NC,1.1375,0.95,1.325,0.6,https://www.ti.com/lit/ds/symlink/tps3808.pdf
U33,TPS3808G33DBVR,hub-lib:SOT-23-6,5,SENSE,ISO_3V3,1.1375,0,1.325,0.6,https://www.ti.com/lit/ds/symlink/tps3808.pdf
U33,TPS3808G33DBVR,hub-lib:SOT-23-6,6,VDD,ISO_3V3,1.1375,-0.95,1.325,0.6,https://www.ti.com/lit/ds/symlink/tps3808.pdf
R33,ERJ2RKF1002X,hub-lib:R_0402_1005Metric,1,,ISO_3V3,-0.51,0,0.54,0.64,https://industrial.panasonic.com/cdbs/www-data/pdf/RDA0000/AOA0000C307.pdf
R33,ERJ2RKF1002X,hub-lib:R_0402_1005Metric,2,,HUB_RESET_N,0.51,0,0.54,0.64,https://industrial.panasonic.com/cdbs/www-data/pdf/RDA0000/AOA0000C307.pdf
R34,ERJ2RKF4701X,hub-lib:R_0402_1005Metric,1,,ISO_3V3,-0.51,0,0.54,0.64,https://industrial.panasonic.com/cdbs/www-data/pdf/RDA0000/AOA0000C307.pdf
R34,ERJ2RKF4701X,hub-lib:R_0402_1005Metric,2,,HUB_SCL,0.51,0,0.54,0.64,https://industrial.panasonic.com/cdbs/www-data/pdf/RDA0000/AOA0000C307.pdf
R35,ERJ2RKF1002X,hub-lib:R_0402_1005Metric,1,,ISO_3V3,-0.51,0,0.54,0.64,https://industrial.panasonic.com/cdbs/www-data/pdf/RDA0000/AOA0000C307.pdf
R35,ERJ2RKF1002X,hub-lib:R_0402_1005Metric,2,,HUB_CFG1,0.51,0,0.54,0.64,https://industrial.panasonic.com/cdbs/www-data/pdf/RDA0000/AOA0000C307.pdf
R36,ERJ2RKF4701X,hub-lib:R_0402_1005Metric,1,,ISO_3V3,-0.51,0,0.54,0.64,https://industrial.panasonic.com/cdbs/www-data/pdf/RDA0000/AOA0000C307.pdf
R36,ERJ2RKF4701X,hub-lib:R_0402_1005Metric,2,,HUB_SDA,0.51,0,0.54,0.64,https://industrial.panasonic.com/cdbs/www-data/pdf/RDA0000/AOA0000C307.pdf
R37,ERJ2RKF1001X,hub-lib:R_0402_1005Metric,1,,HOST_PRESENT,-0.51,0,0.54,0.64,https://industrial.panasonic.com/cdbs/www-data/pdf/RDA0000/AOA0000C307.pdf
R37,ERJ2RKF1001X,hub-lib:R_0402_1005Metric,2,,HUB_VBUS_DET,0.51,0,0.54,0.64,https://industrial.panasonic.com/cdbs/www-data/pdf/RDA0000/AOA0000C307.pdf
R31,ERJ2RKF1003X,hub-lib:R_0402_1005Metric,1,,HUB_VBUS_DET,-0.51,0,0.54,0.64,https://industrial.panasonic.com/cdbs/www-data/pdf/RDA0000/AOA0000C307.pdf
R31,ERJ2RKF1003X,hub-lib:R_0402_1005Metric,2,,GND2,0.51,0,0.54,0.64,https://industrial.panasonic.com/cdbs/www-data/pdf/RDA0000/AOA0000C307.pdf
C42,GRM155R71H104KE14D,hub-lib:C_0402_1005Metric,1,,ISO_3V3,-0.48,0,0.56,0.62,https://www.murata.com/en-global/products/productdetail?partno=GRM155R71H104KE14%23
C42,GRM155R71H104KE14D,hub-lib:C_0402_1005Metric,2,,GND2,0.48,0,0.56,0.62,https://www.murata.com/en-global/products/productdetail?partno=GRM155R71H104KE14%23
U34,24LC02B-I/SN,hub-lib:SOIC-8_3.9x4.9mm_P1.27mm,1,A0,GND2,-2.475,-1.905,1.95,0.6,https://ww1.microchip.com/downloads/en/DeviceDoc/21709c.pdf
U34,24LC02B-I/SN,hub-lib:SOIC-8_3.9x4.9mm_P1.27mm,2,A1,GND2,-2.475,-0.635,1.95,0.6,https://ww1.microchip.com/downloads/en/DeviceDoc/21709c.pdf
U34,24LC02B-I/SN,hub-lib:SOIC-8_3.9x4.9mm_P1.27mm,3,A2,GND2,-2.475,0.635,1.95,0.6,https://ww1.microchip.com/downloads/en/DeviceDoc/21709c.pdf
U34,24LC02B-I/SN,hub-lib:SOIC-8_3.9x4.9mm_P1.27mm,4,GND,GND2,-2.475,1.905,1.95,0.6,https://ww1.microchip.com/downloads/en/DeviceDoc/21709c.pdf
U34,24LC02B-I/SN,hub-lib:SOIC-8_3.9x4.9mm_P1.27mm,5,SDA,HUB_SDA,2.475,1.905,1.95,0.6,https://ww1.microchip.com/downloads/en/DeviceDoc/21709c.pdf
U34,24LC02B-I/SN,hub-lib:SOIC-8_3.9x4.9mm_P1.27mm,6,SCL,HUB_SCL,2.475,0.635,1.95,0.6,https://ww1.microchip.com/downloads/en/DeviceDoc/21709c.pdf
U34,24LC02B-I/SN,hub-lib:SOIC-8_3.9x4.9mm_P1.27mm,7,WP,GND2,2.475,-0.635,1.95,0.6,https://ww1.microchip.com/downloads/en/DeviceDoc/21709c.pdf
U34,24LC02B-I/SN,hub-lib:SOIC-8_3.9x4.9mm_P1.27mm,8,VCC,ISO_3V3,2.475,-1.905,1.95,0.6,https://ww1.microchip.com/downloads/en/DeviceDoc/21709c.pdf
C98,GRM155R71H104KE14D,hub-lib:C_0402_1005Metric,1,,ISO_3V3,-0.48,0,0.56,0.62,https://www.murata.com/en-global/products/productdetail?partno=GRM155R71H104KE14%23
C98,GRM155R71H104KE14D,hub-lib:C_0402_1005Metric,2,,GND2,0.48,0,0.56,0.62,https://www.murata.com/en-global/products/productdetail?partno=GRM155R71H104KE14%23
TP12,,hub-lib:TestPoint_Pad_D1.0mm,1,1,ISO_3V3,0,0,1,1,
TP13,,hub-lib:TestPoint_Pad_D1.0mm,1,1,HUB_RESET_N,0,0,1,1,
TP14,,hub-lib:TestPoint_Pad_D1.0mm,1,1,HUB_SDA,0,0,1,1,
TP15,,hub-lib:TestPoint_Pad_D1.0mm,1,1,HUB_SCL,0,0,1,1,
TP16,,hub-lib:TestPoint_Pad_D1.0mm,1,1,GND2,0,0,1,1,
J3,614004134726,hub-lib:USB_A_Wuerth_614004134726_Horizontal,1,VBUS,PORT1_VBUS,0,0,1.6,1.6,https://www.we-online.com/components/products/datasheet/614004134726.pdf
J3,614004134726,hub-lib:USB_A_Wuerth_614004134726_Horizontal,2,D-,PORT1_D-,2,0,1.6,1.6,https://www.we-online.com/components/products/datasheet/614004134726.pdf
J3,614004134726,hub-lib:USB_A_Wuerth_614004134726_Horizontal,3,D+,PORT1_D+,4,0,1.6,1.6,https://www.we-online.com/components/products/datasheet/614004134726.pdf
J3,614004134726,hub-lib:USB_A_Wuerth_614004134726_Horizontal,4,GND,GND2,6,0,1.6,1.6,https://www.we-online.com/components/products/datasheet/614004134726.pdf
J3,614004134726,hub-lib:USB_A_Wuerth_614004134726_Horizontal,SH,Shield,GND2,-0.73,-2.72,2.15,2.15,https://www.we-online.com/components/products/datasheet/614004134726.pdf
J3,614004134726,hub-lib:USB_A_Wuerth_614004134726_Horizontal,SH,Shield,GND2,-0.73,2.72,2.15,2.15,https://www.we-online.com/components/products/datasheet/614004134726.pdf
J3,614004134726,hub-lib:USB_A_Wuerth_614004134726_Horizontal,SH,Shield,GND2,6.27,-2.72,2.15,2.15,https://www.we-online.com/components/products/datasheet/614004134726.pdf
J3,614004134726,hub-lib:USB_A_Wuerth_614004134726_Horizontal,SH,Shield,GND2,6.27,2.72,2.15,2.15,https://www.we-online.com/components/products/datasheet/614004134726.pdf
U12,TPS2553DBVR,hub-lib:SOT-23-6,1,IN,PORT_SUPPLY,-1.1375,-0.95,1.325,0.6,https://www.ti.com/lit/ds/symlink/tps2553.pdf
U12,TPS2553DBVR,hub-lib:SOT-23-6,2,GND,GND2,-1.1375,0,1.325,0.6,https://www.ti.com/lit/ds/symlink/tps2553.pdf
U12,TPS2553DBVR,hub-lib:SOT-23-6,3,EN,PRTPWR1,-1.1375,0.95,1.325,0.6,https://www.ti.com/lit/ds/symlink/tps2553.pdf
U12,TPS2553DBVR,hub-lib:SOT-23-6,4,~{FAULT},OCS1_N,1.1375,0.95,1.325,0.6,https://www.ti.com/lit/ds/symlink/tps2553.pdf
U12,TPS2553DBVR,hub-lib:SOT-23-6,5,ILIM,PORT1_ILIM,1.1375,0,1.325,0.6,https://www.ti.com/lit/ds/symlink/tps2553.pdf
U12,TPS2553DBVR,hub-lib:SOT-23-6,6,OUT,PORT1_VBUS,1.1375,-0.95,1.325,0.6,https://www.ti.com/lit/ds/symlink/tps2553.pdf
R38,ERJ2RKF4642X,hub-lib:R_0402_1005Metric,1,,PORT1_ILIM,-0.51,0,0.54,0.64,https://industrial.panasonic.com/cdbs/www-data/pdf/RDA0000/AOA0000C307.pdf
R38,ERJ2RKF4642X,hub-lib:R_0402_1005Metric,2,,GND2,0.51,0,0.54,0.64,https://industrial.panasonic.com/cdbs/www-data/pdf/RDA0000/AOA0000C307.pdf
R47,ERJ2RKF1003X,hub-lib:R_0402_1005Metric,1,,ISO_3V3,-0.51,0,0.54,0.64,https://industrial.panasonic.com/cdbs/www-data/pdf/RDA0000/AOA0000C307.pdf
R47,ERJ2RKF1003X,hub-lib:R_0402_1005Metric,2,,OCS1_N,0.51,0,0.54,0.64,https://industrial.panasonic.com/cdbs/www-data/pdf/RDA0000/AOA0000C307.pdf
U16,USBLC6-2SC6,hub-lib:SOT-23-6,1,I/O1,PORT1_D-,-1.1375,-0.95,1.325,0.6,https://www.st.com/resource/en/datasheet/usblc6-2.pdf
U16,USBLC6-2SC6,hub-lib:SOT-23-6,6,I/O1,PORT1_D-,1.1375,-0.95,1.325,0.6,https://www.st.com/resource/en/datasheet/usblc6-2.pdf
U16,USBLC6-2SC6,hub-lib:SOT-23-6,3,I/O2,PORT1_D+,-1.1375,0.95,1.325,0.6,https://www.st.com/resource/en/datasheet/usblc6-2.pdf
U16,USBLC6-2SC6,hub-lib:SOT-23-6,4,I/O2,PORT1_D+,1.1375,0.95,1.325,0.6,https://www.st.com/resource/en/datasheet/usblc6-2.pdf
U16,USBLC6-2SC6,hub-lib:SOT-23-6,2,GND,GND2,-1.1375,0,1.325,0.6,https://www.st.com/resource/en/datasheet/usblc6-2.pdf
U16,USBLC6-2SC6,hub-lib:SOT-23-6,5,VBUS,PORT1_VBUS,1.1375,0,1.325,0.6,https://www.st.com/resource/en/datasheet/usblc6-2.pdf
C43,GRM155R71H104KE14D,hub-lib:C_0402_1005Metric,1,,PORT_SUPPLY,-0.48,0,0.56,0.62,https://www.murata.com/en-global/products/productdetail?partno=GRM155R71H104KE14%23
C43,GRM155R71H104KE14D,hub-lib:C_0402_1005Metric,2,,GND2,0.48,0,0.56,0.62,https://www.murata.com/en-global/products/productdetail?partno=GRM155R71H104KE14%23
C44,EEEFK1A221P,hub-lib:CP_Elec_8x6.2,1,,PORT1_VBUS,-3.05,0,4,2.5,https://industrial.panasonic.com/ww/products/pt/aluminum-cap-smd/models/EEEFK1A221P
C44,EEEFK1A221P,hub-lib:CP_Elec_8x6.2,2,,GND2,3.05,0,4,2.5,https://industrial.panasonic.com/ww/products/pt/aluminum-cap-smd/models/EEEFK1A221P
C45,GRM155R71H104KE14D,hub-lib:C_0402_1005Metric,1,,PORT1_VBUS,-0.48,0,0.56,0.62,https://www.murata.com/en-global/products/productdetail?partno=GRM155R71H104KE14%23
C45,GRM155R71H104KE14D,hub-lib:C_0402_1005Metric,2,,GND2,0.48,0,0.56,0.62,https://www.murata.com/en-global/products/productdetail?partno=GRM155R71H104KE14%23
R101,ERJ2RKF1003X,hub-lib:R_0402_1005Metric,1,,PRTPWR1,-0.51,0,0.54,0.64,https://industrial.panasonic.com/cdbs/www-data/pdf/RDA0000/AOA0000C307.pdf
R101,ERJ2RKF1003X,hub-lib:R_0402_1005Metric,2,,GND2,0.51,0,0.54,0.64,https://industrial.panasonic.com/cdbs/www-data/pdf/RDA0000/AOA0000C307.pdf
J4,614004134726,hub-lib:USB_A_Wuerth_614004134726_Horizontal,1,VBUS,PORT2_VBUS,0,0,1.6,1.6,https://www.we-online.com/components/products/datasheet/614004134726.pdf
J4,614004134726,hub-lib:USB_A_Wuerth_614004134726_Horizontal,2,D-,PORT2_D-,2,0,1.6,1.6,https://www.we-online.com/components/products/datasheet/614004134726.pdf
J4,614004134726,hub-lib:USB_A_Wuerth_614004134726_Horizontal,3,D+,PORT2_D+,4,0,1.6,1.6,https://www.we-online.com/components/products/datasheet/614004134726.pdf
J4,614004134726,hub-lib:USB_A_Wuerth_614004134726_Horizontal,4,GND,GND2,6,0,1.6,1.6,https://www.we-online.com/components/products/datasheet/614004134726.pdf
J4,614004134726,hub-lib:USB_A_Wuerth_614004134726_Horizontal,SH,Shield,GND2,-0.73,-2.72,2.15,2.15,https://www.we-online.com/components/products/datasheet/614004134726.pdf
J4,614004134726,hub-lib:USB_A_Wuerth_614004134726_Horizontal,SH,Shield,GND2,-0.73,2.72,2.15,2.15,https://www.we-online.com/components/products/datasheet/614004134726.pdf
J4,614004134726,hub-lib:USB_A_Wuerth_614004134726_Horizontal,SH,Shield,GND2,6.27,-2.72,2.15,2.15,https://www.we-online.com/components/products/datasheet/614004134726.pdf
J4,614004134726,hub-lib:USB_A_Wuerth_614004134726_Horizontal,SH,Shield,GND2,6.27,2.72,2.15,2.15,https://www.we-online.com/components/products/datasheet/614004134726.pdf
U13,TPS2553DBVR,hub-lib:SOT-23-6,1,IN,PORT_SUPPLY,-1.1375,-0.95,1.325,0.6,https://www.ti.com/lit/ds/symlink/tps2553.pdf
U13,TPS2553DBVR,hub-lib:SOT-23-6,2,GND,GND2,-1.1375,0,1.325,0.6,https://www.ti.com/lit/ds/symlink/tps2553.pdf
U13,TPS2553DBVR,hub-lib:SOT-23-6,3,EN,PRTPWR2,-1.1375,0.95,1.325,0.6,https://www.ti.com/lit/ds/symlink/tps2553.pdf
U13,TPS2553DBVR,hub-lib:SOT-23-6,4,~{FAULT},OCS2_N,1.1375,0.95,1.325,0.6,https://www.ti.com/lit/ds/symlink/tps2553.pdf
U13,TPS2553DBVR,hub-lib:SOT-23-6,5,ILIM,PORT2_ILIM,1.1375,0,1.325,0.6,https://www.ti.com/lit/ds/symlink/tps2553.pdf
U13,TPS2553DBVR,hub-lib:SOT-23-6,6,OUT,PORT2_VBUS,1.1375,-0.95,1.325,0.6,https://www.ti.com/lit/ds/symlink/tps2553.pdf
R39,ERJ2RKF4642X,hub-lib:R_0402_1005Metric,1,,PORT2_ILIM,-0.51,0,0.54,0.64,https://industrial.panasonic.com/cdbs/www-data/pdf/RDA0000/AOA0000C307.pdf
R39,ERJ2RKF4642X,hub-lib:R_0402_1005Metric,2,,GND2,0.51,0,0.54,0.64,https://industrial.panasonic.com/cdbs/www-data/pdf/RDA0000/AOA0000C307.pdf
R48,ERJ2RKF1003X,hub-lib:R_0402_1005Metric,1,,ISO_3V3,-0.51,0,0.54,0.64,https://industrial.panasonic.com/cdbs/www-data/pdf/RDA0000/AOA0000C307.pdf
R48,ERJ2RKF1003X,hub-lib:R_0402_1005Metric,2,,OCS2_N,0.51,0,0.54,0.64,https://industrial.panasonic.com/cdbs/www-data/pdf/RDA0000/AOA0000C307.pdf
U17,USBLC6-2SC6,hub-lib:SOT-23-6,1,I/O1,PORT2_D-,-1.1375,-0.95,1.325,0.6,https://www.st.com/resource/en/datasheet/usblc6-2.pdf
U17,USBLC6-2SC6,hub-lib:SOT-23-6,6,I/O1,PORT2_D-,1.1375,-0.95,1.325,0.6,https://www.st.com/resource/en/datasheet/usblc6-2.pdf
U17,USBLC6-2SC6,hub-lib:SOT-23-6,3,I/O2,PORT2_D+,-1.1375,0.95,1.325,0.6,https://www.st.com/resource/en/datasheet/usblc6-2.pdf
U17,USBLC6-2SC6,hub-lib:SOT-23-6,4,I/O2,PORT2_D+,1.1375,0.95,1.325,0.6,https://www.st.com/resource/en/datasheet/usblc6-2.pdf
U17,USBLC6-2SC6,hub-lib:SOT-23-6,2,GND,GND2,-1.1375,0,1.325,0.6,https://www.st.com/resource/en/datasheet/usblc6-2.pdf
U17,USBLC6-2SC6,hub-lib:SOT-23-6,5,VBUS,PORT2_VBUS,1.1375,0,1.325,0.6,https://www.st.com/resource/en/datasheet/usblc6-2.pdf
C46,GRM155R71H104KE14D,hub-lib:C_0402_1005Metric,1,,PORT_SUPPLY,-0.48,0,0.56,0.62,https://www.murata.com/en-global/products/productdetail?partno=GRM155R71H104KE14%23
C46,GRM155R71H104KE14D,hub-lib:C_0402_1005Metric,2,,GND2,0.48,0,0.56,0.62,https://www.murata.com/en-global/products/productdetail?partno=GRM155R71H104KE14%23
C47,EEEFK1A221P,hub-lib:CP_Elec_8x6.2,1,,PORT2_VBUS,-3.05,0,4,2.5,https://industrial.panasonic.com/ww/products/pt/aluminum-cap-smd/models/EEEFK1A221P
C47,EEEFK1A221P,hub-lib:CP_Elec_8x6.2,2,,GND2,3.05,0,4,2.5,https://industrial.panasonic.com/ww/products/pt/aluminum-cap-smd/models/EEEFK1A221P
C48,GRM155R71H104KE14D,hub-lib:C_0402_1005Metric,1,,PORT2_VBUS,-0.48,0,0.56,0.62,https://www.murata.com/en-global/products/productdetail?partno=GRM155R71H104KE14%23
C48,GRM155R71H104KE14D,hub-lib:C_0402_1005Metric,2,,GND2,0.48,0,0.56,0.62,https://www.murata.com/en-global/products/productdetail?partno=GRM155R71H104KE14%23
R102,ERJ2RKF1003X,hub-lib:R_0402_1005Metric,1,,PRTPWR2,-0.51,0,0.54,0.64,https://industrial.panasonic.com/cdbs/www-data/pdf/RDA0000/AOA0000C307.pdf
R102,ERJ2RKF1003X,hub-lib:R_0402_1005Metric,2,,GND2,0.51,0,0.54,0.64,https://industrial.panasonic.com/cdbs/www-data/pdf/RDA0000/AOA0000C307.pdf
J5,TYPE-C-31-M-12,hub-lib:USB_C_Receptacle_HRO_TYPE-C-31-M-12,A1,GND,GND2,-3.25,-4.045,0.6,1.45,https://datasheet.lcsc.com/datasheet/pdf/9e56b777c022540fcce7c7f67825f55e.pdf?productCode=C165948
J5,TYPE-C-31-M-12,hub-lib:USB_C_Receptacle_HRO_TYPE-C-31-M-12,A12,GND,GND2,3.25,-4.045,0.6,1.45,https://datasheet.lcsc.com/datasheet/pdf/9e56b777c022540fcce7c7f67825f55e.pdf?productCode=C165948
J5,TYPE-C-31-M-12,hub-lib:USB_C_Receptacle_HRO_TYPE-C-31-M-12,B1,GND,GND2,3.25,-4.045,0.6,1.45,https://datasheet.lcsc.com/datasheet/pdf/9e56b777c022540fcce7c7f67825f55e.pdf?productCode=C165948
J5,TYPE-C-31-M-12,hub-lib:USB_C_Receptacle_HRO_TYPE-C-31-M-12,B12,GND,GND2,-3.25,-4.045,0.6,1.45,https://datasheet.lcsc.com/datasheet/pdf/9e56b777c022540fcce7c7f67825f55e.pdf?productCode=C165948
J5,TYPE-C-31-M-12,hub-lib:USB_C_Receptacle_HRO_TYPE-C-31-M-12,SH,SHIELD,GND2,-4.32,-3.13,1,2.1,https://datasheet.lcsc.com/datasheet/pdf/9e56b777c022540fcce7c7f67825f55e.pdf?productCode=C165948
J5,TYPE-C-31-M-12,hub-lib:USB_C_Receptacle_HRO_TYPE-C-31-M-12,SH,SHIELD,GND2,-4.32,1.05,1,1.6,https://datasheet.lcsc.com/datasheet/pdf/9e56b777c022540fcce7c7f67825f55e.pdf?productCode=C165948
J5,TYPE-C-31-M-12,hub-lib:USB_C_Receptacle_HRO_TYPE-C-31-M-12,SH,SHIELD,GND2,4.32,-3.13,1,2.1,https://datasheet.lcsc.com/datasheet/pdf/9e56b777c022540fcce7c7f67825f55e.pdf?productCode=C165948
J5,TYPE-C-31-M-12,hub-lib:USB_C_Receptacle_HRO_TYPE-C-31-M-12,SH,SHIELD,GND2,4.32,1.05,1,1.6,https://datasheet.lcsc.com/datasheet/pdf/9e56b777c022540fcce7c7f67825f55e.pdf?productCode=C165948
J5,TYPE-C-31-M-12,hub-lib:USB_C_Receptacle_HRO_TYPE-C-31-M-12,A4,VBUS,PORT3_VBUS,-2.45,-4.045,0.6,1.45,https://datasheet.lcsc.com/datasheet/pdf/9e56b777c022540fcce7c7f67825f55e.pdf?productCode=C165948
J5,TYPE-C-31-M-12,hub-lib:USB_C_Receptacle_HRO_TYPE-C-31-M-12,A9,VBUS,PORT3_VBUS,2.45,-4.045,0.6,1.45,https://datasheet.lcsc.com/datasheet/pdf/9e56b777c022540fcce7c7f67825f55e.pdf?productCode=C165948
J5,TYPE-C-31-M-12,hub-lib:USB_C_Receptacle_HRO_TYPE-C-31-M-12,B4,VBUS,PORT3_VBUS,2.45,-4.045,0.6,1.45,https://datasheet.lcsc.com/datasheet/pdf/9e56b777c022540fcce7c7f67825f55e.pdf?productCode=C165948
J5,TYPE-C-31-M-12,hub-lib:USB_C_Receptacle_HRO_TYPE-C-31-M-12,B9,VBUS,PORT3_VBUS,-2.45,-4.045,0.6,1.45,https://datasheet.lcsc.com/datasheet/pdf/9e56b777c022540fcce7c7f67825f55e.pdf?productCode=C165948
J5,TYPE-C-31-M-12,hub-lib:USB_C_Receptacle_HRO_TYPE-C-31-M-12,A5,CC1,PORT3_CC1,-1.25,-4.045,0.3,1.45,https://datasheet.lcsc.com/datasheet/pdf/9e56b777c022540fcce7c7f67825f55e.pdf?productCode=C165948
J5,TYPE-C-31-M-12,hub-lib:USB_C_Receptacle_HRO_TYPE-C-31-M-12,B5,CC2,PORT3_CC2,1.75,-4.045,0.3,1.45,https://datasheet.lcsc.com/datasheet/pdf/9e56b777c022540fcce7c7f67825f55e.pdf?productCode=C165948
J5,TYPE-C-31-M-12,hub-lib:USB_C_Receptacle_HRO_TYPE-C-31-M-12,A8,SBU1,NC,1.25,-4.045,0.3,1.45,https://datasheet.lcsc.com/datasheet/pdf/9e56b777c022540fcce7c7f67825f55e.pdf?productCode=C165948
J5,TYPE-C-31-M-12,hub-lib:USB_C_Receptacle_HRO_TYPE-C-31-M-12,B8,SBU2,NC,-1.75,-4.045,0.3,1.45,https://datasheet.lcsc.com/datasheet/pdf/9e56b777c022540fcce7c7f67825f55e.pdf?productCode=C165948
J5,TYPE-C-31-M-12,hub-lib:USB_C_Receptacle_HRO_TYPE-C-31-M-12,A6,D+,PORT3_D+,-0.25,-4.045,0.3,1.45,https://datasheet.lcsc.com/datasheet/pdf/9e56b777c022540fcce7c7f67825f55e.pdf?productCode=C165948
J5,TYPE-C-31-M-12,hub-lib:USB_C_Receptacle_HRO_TYPE-C-31-M-12,B6,D+,PORT3_D+,0.75,-4.045,0.3,1.45,https://datasheet.lcsc.com/datasheet/pdf/9e56b777c022540fcce7c7f67825f55e.pdf?productCode=C165948
J5,TYPE-C-31-M-12,hub-lib:USB_C_Receptacle_HRO_TYPE-C-31-M-12,A7,D-,PORT3_D-,0.25,-4.045,0.3,1.45,https://datasheet.lcsc.com/datasheet/pdf/9e56b777c022540fcce7c7f67825f55e.pdf?productCode=C165948
J5,TYPE-C-31-M-12,hub-lib:USB_C_Receptacle_HRO_TYPE-C-31-M-12,B7,D-,PORT3_D-,-0.75,-4.045,0.3,1.45,https://datasheet.lcsc.com/datasheet/pdf/9e56b777c022540fcce7c7f67825f55e.pdf?productCode=C165948
U14,TPS2553DBVR,hub-lib:SOT-23-6,1,IN,PORT_SUPPLY,-1.1375,-0.95,1.325,0.6,https://www.ti.com/lit/ds/symlink/tps2553.pdf
U14,TPS2553DBVR,hub-lib:SOT-23-6,2,GND,GND2,-1.1375,0,1.325,0.6,https://www.ti.com/lit/ds/symlink/tps2553.pdf
U14,TPS2553DBVR,hub-lib:SOT-23-6,3,EN,PORT3_EN,-1.1375,0.95,1.325,0.6,https://www.ti.com/lit/ds/symlink/tps2553.pdf
U14,TPS2553DBVR,hub-lib:SOT-23-6,4,~{FAULT},OCS3_N,1.1375,0.95,1.325,0.6,https://www.ti.com/lit/ds/symlink/tps2553.pdf
U14,TPS2553DBVR,hub-lib:SOT-23-6,5,ILIM,PORT3_ILIM,1.1375,0,1.325,0.6,https://www.ti.com/lit/ds/symlink/tps2553.pdf
U14,TPS2553DBVR,hub-lib:SOT-23-6,6,OUT,PORT3_VBUS,1.1375,-0.95,1.325,0.6,https://www.ti.com/lit/ds/symlink/tps2553.pdf
R40,ERJ2RKF4642X,hub-lib:R_0402_1005Metric,1,,PORT3_ILIM,-0.51,0,0.54,0.64,https://industrial.panasonic.com/cdbs/www-data/pdf/RDA0000/AOA0000C307.pdf
R40,ERJ2RKF4642X,hub-lib:R_0402_1005Metric,2,,GND2,0.51,0,0.54,0.64,https://industrial.panasonic.com/cdbs/www-data/pdf/RDA0000/AOA0000C307.pdf
R49,ERJ2RKF1003X,hub-lib:R_0402_1005Metric,1,,ISO_3V3,-0.51,0,0.54,0.64,https://industrial.panasonic.com/cdbs/www-data/pdf/RDA0000/AOA0000C307.pdf
R49,ERJ2RKF1003X,hub-lib:R_0402_1005Metric,2,,OCS3_N,0.51,0,0.54,0.64,https://industrial.panasonic.com/cdbs/www-data/pdf/RDA0000/AOA0000C307.pdf
U18,USBLC6-2SC6,hub-lib:SOT-23-6,1,I/O1,PORT3_D-,-1.1375,-0.95,1.325,0.6,https://www.st.com/resource/en/datasheet/usblc6-2.pdf
U18,USBLC6-2SC6,hub-lib:SOT-23-6,6,I/O1,PORT3_D-,1.1375,-0.95,1.325,0.6,https://www.st.com/resource/en/datasheet/usblc6-2.pdf
U18,USBLC6-2SC6,hub-lib:SOT-23-6,3,I/O2,PORT3_D+,-1.1375,0.95,1.325,0.6,https://www.st.com/resource/en/datasheet/usblc6-2.pdf
U18,USBLC6-2SC6,hub-lib:SOT-23-6,4,I/O2,PORT3_D+,1.1375,0.95,1.325,0.6,https://www.st.com/resource/en/datasheet/usblc6-2.pdf
U18,USBLC6-2SC6,hub-lib:SOT-23-6,2,GND,GND2,-1.1375,0,1.325,0.6,https://www.st.com/resource/en/datasheet/usblc6-2.pdf
U18,USBLC6-2SC6,hub-lib:SOT-23-6,5,VBUS,PORT3_VBUS,1.1375,0,1.325,0.6,https://www.st.com/resource/en/datasheet/usblc6-2.pdf
C49,GRM155R71H104KE14D,hub-lib:C_0402_1005Metric,1,,PORT_SUPPLY,-0.48,0,0.56,0.62,https://www.murata.com/en-global/products/productdetail?partno=GRM155R71H104KE14%23
C49,GRM155R71H104KE14D,hub-lib:C_0402_1005Metric,2,,GND2,0.48,0,0.56,0.62,https://www.murata.com/en-global/products/productdetail?partno=GRM155R71H104KE14%23
C50,GRM21BR61E106KA73L,hub-lib:C_0805_2012Metric,1,,PORT3_VBUS,-0.95,0,1,1.45,https://www.murata.com/en-global/products/productdetail?partno=GRM21BR61E106KA73%23
C50,GRM21BR61E106KA73L,hub-lib:C_0805_2012Metric,2,,GND2,0.95,0,1,1.45,https://www.murata.com/en-global/products/productdetail?partno=GRM21BR61E106KA73%23
C51,GRM155R71H104KE14D,hub-lib:C_0402_1005Metric,1,,PORT3_VBUS,-0.48,0,0.56,0.62,https://www.murata.com/en-global/products/productdetail?partno=GRM155R71H104KE14%23
C51,GRM155R71H104KE14D,hub-lib:C_0402_1005Metric,2,,GND2,0.48,0,0.56,0.62,https://www.murata.com/en-global/products/productdetail?partno=GRM155R71H104KE14%23
R103,ERJ2RKF1003X,hub-lib:R_0402_1005Metric,1,,PORT3_EN,-0.51,0,0.54,0.64,https://industrial.panasonic.com/cdbs/www-data/pdf/RDA0000/AOA0000C307.pdf
R103,ERJ2RKF1003X,hub-lib:R_0402_1005Metric,2,,GND2,0.51,0,0.54,0.64,https://industrial.panasonic.com/cdbs/www-data/pdf/RDA0000/AOA0000C307.pdf
U20,TUSB320LAIRWBR,hub-lib:Texas_X2QFN-12_1.6x1.6mm_P0.4mm,1,CC1,PORT3_CC1,-0.725,-0.2,0.85,0.2,https://www.ti.com/lit/ds/symlink/tusb320lai.pdf
U20,TUSB320LAIRWBR,hub-lib:Texas_X2QFN-12_1.6x1.6mm_P0.4mm,2,CC2,PORT3_CC2,-0.725,0.2,0.85,0.2,https://www.ti.com/lit/ds/symlink/tusb320lai.pdf
U20,TUSB320LAIRWBR,hub-lib:Texas_X2QFN-12_1.6x1.6mm_P0.4mm,3,PORT,U20_PORT,-0.6,0.825,0.2,0.65,https://www.ti.com/lit/ds/symlink/tusb320lai.pdf
U20,TUSB320LAIRWBR,hub-lib:Texas_X2QFN-12_1.6x1.6mm_P0.4mm,4,VBUS_DET,PORT3_VDET,-0.2,0.825,0.2,0.65,https://www.ti.com/lit/ds/symlink/tusb320lai.pdf
U20,TUSB320LAIRWBR,hub-lib:Texas_X2QFN-12_1.6x1.6mm_P0.4mm,5,ADDR,NC,0.2,0.825,0.2,0.65,https://www.ti.com/lit/ds/symlink/tusb320lai.pdf
U20,TUSB320LAIRWBR,hub-lib:Texas_X2QFN-12_1.6x1.6mm_P0.4mm,6,OUT3,NC,0.6,0.825,0.2,0.65,https://www.ti.com/lit/ds/symlink/tusb320lai.pdf
U20,TUSB320LAIRWBR,hub-lib:Texas_X2QFN-12_1.6x1.6mm_P0.4mm,7,OUT1,NC,0.725,0.2,0.85,0.2,https://www.ti.com/lit/ds/symlink/tusb320lai.pdf
U20,TUSB320LAIRWBR,hub-lib:Texas_X2QFN-12_1.6x1.6mm_P0.4mm,8,OUT2,NC,0.725,-0.2,0.85,0.2,https://www.ti.com/lit/ds/symlink/tusb320lai.pdf
U20,TUSB320LAIRWBR,hub-lib:Texas_X2QFN-12_1.6x1.6mm_P0.4mm,9,ID,PORT3_ID_N,0.6,-0.825,0.2,0.65,https://www.ti.com/lit/ds/symlink/tusb320lai.pdf
U20,TUSB320LAIRWBR,hub-lib:Texas_X2QFN-12_1.6x1.6mm_P0.4mm,10,GND,GND2,0.2,-0.825,0.2,0.65,https://www.ti.com/lit/ds/symlink/tusb320lai.pdf
U20,TUSB320LAIRWBR,hub-lib:Texas_X2QFN-12_1.6x1.6mm_P0.4mm,11,EN_N,GND2,-0.2,-0.825,0.2,0.65,https://www.ti.com/lit/ds/symlink/tusb320lai.pdf
U20,TUSB320LAIRWBR,hub-lib:Texas_X2QFN-12_1.6x1.6mm_P0.4mm,12,VDD,ISO_3V3,-0.6,-0.825,0.2,0.65,https://www.ti.com/lit/ds/symlink/tusb320lai.pdf
R72,ERJ2RKF4701X,hub-lib:R_0402_1005Metric,1,,ISO_3V3,-0.51,0,0.54,0.64,https://industrial.panasonic.com/cdbs/www-data/pdf/RDA0000/AOA0000C307.pdf
R72,ERJ2RKF4701X,hub-lib:R_0402_1005Metric,2,,U20_PORT,0.51,0,0.54,0.64,https://industrial.panasonic.com/cdbs/www-data/pdf/RDA0000/AOA0000C307.pdf
R73,ERJ2RKF1002X,hub-lib:R_0402_1005Metric,1,,ISO_3V3,-0.51,0,0.54,0.64,https://industrial.panasonic.com/cdbs/www-data/pdf/RDA0000/AOA0000C307.pdf
R73,ERJ2RKF1002X,hub-lib:R_0402_1005Metric,2,,PORT3_ID_N,0.51,0,0.54,0.64,https://industrial.panasonic.com/cdbs/www-data/pdf/RDA0000/AOA0000C307.pdf
R74,ERJ2RKF9093X,hub-lib:R_0402_1005Metric,1,,PORT3_VBUS,-0.51,0,0.54,0.64,https://industrial.panasonic.com/cdbs/www-data/pdf/RDA0000/AOA0000C307.pdf
R74,ERJ2RKF9093X,hub-lib:R_0402_1005Metric,2,,PORT3_VDET,0.51,0,0.54,0.64,https://industrial.panasonic.com/cdbs/www-data/pdf/RDA0000/AOA0000C307.pdf
U35,SN74LVC1G04DBVR,hub-lib:SOT-23-5,1,NC,NC,-1.1375,-0.95,1.325,0.6,https://www.ti.com/lit/ds/symlink/sn74lvc1g04.pdf
U35,SN74LVC1G04DBVR,hub-lib:SOT-23-5,2,,PORT3_ID_N,-1.1375,0,1.325,0.6,https://www.ti.com/lit/ds/symlink/sn74lvc1g04.pdf
U35,SN74LVC1G04DBVR,hub-lib:SOT-23-5,3,GND,GND2,-1.1375,0.95,1.325,0.6,https://www.ti.com/lit/ds/symlink/sn74lvc1g04.pdf
U35,SN74LVC1G04DBVR,hub-lib:SOT-23-5,4,,PORT3_ATTACHED,1.1375,0.95,1.325,0.6,https://www.ti.com/lit/ds/symlink/sn74lvc1g04.pdf
U35,SN74LVC1G04DBVR,hub-lib:SOT-23-5,5,VCC,ISO_3V3,1.1375,-0.95,1.325,0.6,https://www.ti.com/lit/ds/symlink/sn74lvc1g04.pdf
U37,SN74LVC1G08DBVR,hub-lib:SOT-23-5,1,,PRTPWR3,-1.1375,-0.95,1.325,0.6,https://www.ti.com/lit/ds/symlink/sn74lvc1g08.pdf
U37,SN74LVC1G08DBVR,hub-lib:SOT-23-5,2,,PORT3_ATTACHED,-1.1375,0,1.325,0.6,https://www.ti.com/lit/ds/symlink/sn74lvc1g08.pdf
U37,SN74LVC1G08DBVR,hub-lib:SOT-23-5,3,GND,GND2,-1.1375,0.95,1.325,0.6,https://www.ti.com/lit/ds/symlink/sn74lvc1g08.pdf
U37,SN74LVC1G08DBVR,hub-lib:SOT-23-5,4,,PORT3_EN,1.1375,0.95,1.325,0.6,https://www.ti.com/lit/ds/symlink/sn74lvc1g08.pdf
U37,SN74LVC1G08DBVR,hub-lib:SOT-23-5,5,VCC,ISO_3V3,1.1375,-0.95,1.325,0.6,https://www.ti.com/lit/ds/symlink/sn74lvc1g08.pdf
U39,SN74LVC1G04DBVR,hub-lib:SOT-23-5,1,NC,NC,-1.1375,-0.95,1.325,0.6,https://www.ti.com/lit/ds/symlink/sn74lvc1g04.pdf
U39,SN74LVC1G04DBVR,hub-lib:SOT-23-5,2,,PORT3_EN,-1.1375,0,1.325,0.6,https://www.ti.com/lit/ds/symlink/sn74lvc1g04.pdf
U39,SN74LVC1G04DBVR,hub-lib:SOT-23-5,3,GND,GND2,-1.1375,0.95,1.325,0.6,https://www.ti.com/lit/ds/symlink/sn74lvc1g04.pdf
U39,SN74LVC1G04DBVR,hub-lib:SOT-23-5,4,,PORT3_DISCHARGE,1.1375,0.95,1.325,0.6,https://www.ti.com/lit/ds/symlink/sn74lvc1g04.pdf
U39,SN74LVC1G04DBVR,hub-lib:SOT-23-5,5,VCC,ISO_3V3,1.1375,-0.95,1.325,0.6,https://www.ti.com/lit/ds/symlink/sn74lvc1g04.pdf
Q5,"2N7002,215",hub-lib:SOT-23,1,G,PORT3_DISCHARGE,-0.9375,-0.95,1.475,0.6,https://assets.nexperia.com/documents/data-sheet/2N7002.pdf
Q5,"2N7002,215",hub-lib:SOT-23,2,S,GND2,-0.9375,0.95,1.475,0.6,https://assets.nexperia.com/documents/data-sheet/2N7002.pdf
Q5,"2N7002,215",hub-lib:SOT-23,3,D,PORT3_DISCHARGE_D,0.9375,0,1.475,0.6,https://assets.nexperia.com/documents/data-sheet/2N7002.pdf
R119,ERJ2RKF1002X,hub-lib:R_0402_1005Metric,1,,PORT3_VBUS,-0.51,0,0.54,0.64,https://industrial.panasonic.com/cdbs/www-data/pdf/RDA0000/AOA0000C307.pdf
R119,ERJ2RKF1002X,hub-lib:R_0402_1005Metric,2,,GND2,0.51,0,0.54,0.64,https://industrial.panasonic.com/cdbs/www-data/pdf/RDA0000/AOA0000C307.pdf
R81,ERJ6ENF1000V,hub-lib:R_0805_2012Metric,1,,PORT3_VBUS,-0.9125,0,1.025,1.4,https://industrial.panasonic.com/cdbs/www-data/pdf/RDA0000/AOA0000C307.pdf
R81,ERJ6ENF1000V,hub-lib:R_0805_2012Metric,2,,PORT3_DISCHARGE_D,0.9125,0,1.025,1.4,https://industrial.panasonic.com/cdbs/www-data/pdf/RDA0000/AOA0000C307.pdf
C99,GRM155R71H104KE14D,hub-lib:C_0402_1005Metric,1,,ISO_3V3,-0.48,0,0.56,0.62,https://www.murata.com/en-global/products/productdetail?partno=GRM155R71H104KE14%23
C99,GRM155R71H104KE14D,hub-lib:C_0402_1005Metric,2,,GND2,0.48,0,0.56,0.62,https://www.murata.com/en-global/products/productdetail?partno=GRM155R71H104KE14%23
C100,GRM155R71H104KE14D,hub-lib:C_0402_1005Metric,1,,ISO_3V3,-0.48,0,0.56,0.62,https://www.murata.com/en-global/products/productdetail?partno=GRM155R71H104KE14%23
C100,GRM155R71H104KE14D,hub-lib:C_0402_1005Metric,2,,GND2,0.48,0,0.56,0.62,https://www.murata.com/en-global/products/productdetail?partno=GRM155R71H104KE14%23
C101,GRM155R71H104KE14D,hub-lib:C_0402_1005Metric,1,,ISO_3V3,-0.48,0,0.56,0.62,https://www.murata.com/en-global/products/productdetail?partno=GRM155R71H104KE14%23
C101,GRM155R71H104KE14D,hub-lib:C_0402_1005Metric,2,,GND2,0.48,0,0.56,0.62,https://www.murata.com/en-global/products/productdetail?partno=GRM155R71H104KE14%23
C102,GRM155R71H104KE14D,hub-lib:C_0402_1005Metric,1,,ISO_3V3,-0.48,0,0.56,0.62,https://www.murata.com/en-global/products/productdetail?partno=GRM155R71H104KE14%23
C102,GRM155R71H104KE14D,hub-lib:C_0402_1005Metric,2,,GND2,0.48,0,0.56,0.62,https://www.murata.com/en-global/products/productdetail?partno=GRM155R71H104KE14%23
J6,TYPE-C-31-M-12,hub-lib:USB_C_Receptacle_HRO_TYPE-C-31-M-12,A1,GND,GND2,-3.25,-4.045,0.6,1.45,https://datasheet.lcsc.com/datasheet/pdf/9e56b777c022540fcce7c7f67825f55e.pdf?productCode=C165948
J6,TYPE-C-31-M-12,hub-lib:USB_C_Receptacle_HRO_TYPE-C-31-M-12,A12,GND,GND2,3.25,-4.045,0.6,1.45,https://datasheet.lcsc.com/datasheet/pdf/9e56b777c022540fcce7c7f67825f55e.pdf?productCode=C165948
J6,TYPE-C-31-M-12,hub-lib:USB_C_Receptacle_HRO_TYPE-C-31-M-12,B1,GND,GND2,3.25,-4.045,0.6,1.45,https://datasheet.lcsc.com/datasheet/pdf/9e56b777c022540fcce7c7f67825f55e.pdf?productCode=C165948
J6,TYPE-C-31-M-12,hub-lib:USB_C_Receptacle_HRO_TYPE-C-31-M-12,B12,GND,GND2,-3.25,-4.045,0.6,1.45,https://datasheet.lcsc.com/datasheet/pdf/9e56b777c022540fcce7c7f67825f55e.pdf?productCode=C165948
J6,TYPE-C-31-M-12,hub-lib:USB_C_Receptacle_HRO_TYPE-C-31-M-12,SH,SHIELD,GND2,-4.32,-3.13,1,2.1,https://datasheet.lcsc.com/datasheet/pdf/9e56b777c022540fcce7c7f67825f55e.pdf?productCode=C165948
J6,TYPE-C-31-M-12,hub-lib:USB_C_Receptacle_HRO_TYPE-C-31-M-12,SH,SHIELD,GND2,-4.32,1.05,1,1.6,https://datasheet.lcsc.com/datasheet/pdf/9e56b777c022540fcce7c7f67825f55e.pdf?productCode=C165948
J6,TYPE-C-31-M-12,hub-lib:USB_C_Receptacle_HRO_TYPE-C-31-M-12,SH,SHIELD,GND2,4.32,-3.13,1,2.1,https://datasheet.lcsc.com/datasheet/pdf/9e56b777c022540fcce7c7f67825f55e.pdf?productCode=C165948
J6,TYPE-C-31-M-12,hub-lib:USB_C_Receptacle_HRO_TYPE-C-31-M-12,SH,SHIELD,GND2,4.32,1.05,1,1.6,https://datasheet.lcsc.com/datasheet/pdf/9e56b777c022540fcce7c7f67825f55e.pdf?productCode=C165948
J6,TYPE-C-31-M-12,hub-lib:USB_C_Receptacle_HRO_TYPE-C-31-M-12,A4,VBUS,PORT4_VBUS,-2.45,-4.045,0.6,1.45,https://datasheet.lcsc.com/datasheet/pdf/9e56b777c022540fcce7c7f67825f55e.pdf?productCode=C165948
J6,TYPE-C-31-M-12,hub-lib:USB_C_Receptacle_HRO_TYPE-C-31-M-12,A9,VBUS,PORT4_VBUS,2.45,-4.045,0.6,1.45,https://datasheet.lcsc.com/datasheet/pdf/9e56b777c022540fcce7c7f67825f55e.pdf?productCode=C165948
J6,TYPE-C-31-M-12,hub-lib:USB_C_Receptacle_HRO_TYPE-C-31-M-12,B4,VBUS,PORT4_VBUS,2.45,-4.045,0.6,1.45,https://datasheet.lcsc.com/datasheet/pdf/9e56b777c022540fcce7c7f67825f55e.pdf?productCode=C165948
J6,TYPE-C-31-M-12,hub-lib:USB_C_Receptacle_HRO_TYPE-C-31-M-12,B9,VBUS,PORT4_VBUS,-2.45,-4.045,0.6,1.45,https://datasheet.lcsc.com/datasheet/pdf/9e56b777c022540fcce7c7f67825f55e.pdf?productCode=C165948
J6,TYPE-C-31-M-12,hub-lib:USB_C_Receptacle_HRO_TYPE-C-31-M-12,A5,CC1,PORT4_CC1,-1.25,-4.045,0.3,1.45,https://datasheet.lcsc.com/datasheet/pdf/9e56b777c022540fcce7c7f67825f55e.pdf?productCode=C165948
J6,TYPE-C-31-M-12,hub-lib:USB_C_Receptacle_HRO_TYPE-C-31-M-12,B5,CC2,PORT4_CC2,1.75,-4.045,0.3,1.45,https://datasheet.lcsc.com/datasheet/pdf/9e56b777c022540fcce7c7f67825f55e.pdf?productCode=C165948
J6,TYPE-C-31-M-12,hub-lib:USB_C_Receptacle_HRO_TYPE-C-31-M-12,A8,SBU1,NC,1.25,-4.045,0.3,1.45,https://datasheet.lcsc.com/datasheet/pdf/9e56b777c022540fcce7c7f67825f55e.pdf?productCode=C165948
J6,TYPE-C-31-M-12,hub-lib:USB_C_Receptacle_HRO_TYPE-C-31-M-12,B8,SBU2,NC,-1.75,-4.045,0.3,1.45,https://datasheet.lcsc.com/datasheet/pdf/9e56b777c022540fcce7c7f67825f55e.pdf?productCode=C165948
J6,TYPE-C-31-M-12,hub-lib:USB_C_Receptacle_HRO_TYPE-C-31-M-12,A6,D+,PORT4_D+,-0.25,-4.045,0.3,1.45,https://datasheet.lcsc.com/datasheet/pdf/9e56b777c022540fcce7c7f67825f55e.pdf?productCode=C165948
J6,TYPE-C-31-M-12,hub-lib:USB_C_Receptacle_HRO_TYPE-C-31-M-12,B6,D+,PORT4_D+,0.75,-4.045,0.3,1.45,https://datasheet.lcsc.com/datasheet/pdf/9e56b777c022540fcce7c7f67825f55e.pdf?productCode=C165948
J6,TYPE-C-31-M-12,hub-lib:USB_C_Receptacle_HRO_TYPE-C-31-M-12,A7,D-,PORT4_D-,0.25,-4.045,0.3,1.45,https://datasheet.lcsc.com/datasheet/pdf/9e56b777c022540fcce7c7f67825f55e.pdf?productCode=C165948
J6,TYPE-C-31-M-12,hub-lib:USB_C_Receptacle_HRO_TYPE-C-31-M-12,B7,D-,PORT4_D-,-0.75,-4.045,0.3,1.45,https://datasheet.lcsc.com/datasheet/pdf/9e56b777c022540fcce7c7f67825f55e.pdf?productCode=C165948
U15,TPS2553DBVR,hub-lib:SOT-23-6,1,IN,PORT_SUPPLY,-1.1375,-0.95,1.325,0.6,https://www.ti.com/lit/ds/symlink/tps2553.pdf
U15,TPS2553DBVR,hub-lib:SOT-23-6,2,GND,GND2,-1.1375,0,1.325,0.6,https://www.ti.com/lit/ds/symlink/tps2553.pdf
U15,TPS2553DBVR,hub-lib:SOT-23-6,3,EN,PORT4_EN,-1.1375,0.95,1.325,0.6,https://www.ti.com/lit/ds/symlink/tps2553.pdf
U15,TPS2553DBVR,hub-lib:SOT-23-6,4,~{FAULT},OCS4_N,1.1375,0.95,1.325,0.6,https://www.ti.com/lit/ds/symlink/tps2553.pdf
U15,TPS2553DBVR,hub-lib:SOT-23-6,5,ILIM,PORT4_ILIM,1.1375,0,1.325,0.6,https://www.ti.com/lit/ds/symlink/tps2553.pdf
U15,TPS2553DBVR,hub-lib:SOT-23-6,6,OUT,PORT4_VBUS,1.1375,-0.95,1.325,0.6,https://www.ti.com/lit/ds/symlink/tps2553.pdf
R44,ERJ2RKF4642X,hub-lib:R_0402_1005Metric,1,,PORT4_ILIM,-0.51,0,0.54,0.64,https://industrial.panasonic.com/cdbs/www-data/pdf/RDA0000/AOA0000C307.pdf
R44,ERJ2RKF4642X,hub-lib:R_0402_1005Metric,2,,GND2,0.51,0,0.54,0.64,https://industrial.panasonic.com/cdbs/www-data/pdf/RDA0000/AOA0000C307.pdf
R50,ERJ2RKF1003X,hub-lib:R_0402_1005Metric,1,,ISO_3V3,-0.51,0,0.54,0.64,https://industrial.panasonic.com/cdbs/www-data/pdf/RDA0000/AOA0000C307.pdf
R50,ERJ2RKF1003X,hub-lib:R_0402_1005Metric,2,,OCS4_N,0.51,0,0.54,0.64,https://industrial.panasonic.com/cdbs/www-data/pdf/RDA0000/AOA0000C307.pdf
U19,USBLC6-2SC6,hub-lib:SOT-23-6,1,I/O1,PORT4_D-,-1.1375,-0.95,1.325,0.6,https://www.st.com/resource/en/datasheet/usblc6-2.pdf
U19,USBLC6-2SC6,hub-lib:SOT-23-6,6,I/O1,PORT4_D-,1.1375,-0.95,1.325,0.6,https://www.st.com/resource/en/datasheet/usblc6-2.pdf
U19,USBLC6-2SC6,hub-lib:SOT-23-6,3,I/O2,PORT4_D+,-1.1375,0.95,1.325,0.6,https://www.st.com/resource/en/datasheet/usblc6-2.pdf
U19,USBLC6-2SC6,hub-lib:SOT-23-6,4,I/O2,PORT4_D+,1.1375,0.95,1.325,0.6,https://www.st.com/resource/en/datasheet/usblc6-2.pdf
U19,USBLC6-2SC6,hub-lib:SOT-23-6,2,GND,GND2,-1.1375,0,1.325,0.6,https://www.st.com/resource/en/datasheet/usblc6-2.pdf
U19,USBLC6-2SC6,hub-lib:SOT-23-6,5,VBUS,PORT4_VBUS,1.1375,0,1.325,0.6,https://www.st.com/resource/en/datasheet/usblc6-2.pdf
C55,GRM155R71H104KE14D,hub-lib:C_0402_1005Metric,1,,PORT_SUPPLY,-0.48,0,0.56,0.62,https://www.murata.com/en-global/products/productdetail?partno=GRM155R71H104KE14%23
C55,GRM155R71H104KE14D,hub-lib:C_0402_1005Metric,2,,GND2,0.48,0,0.56,0.62,https://www.murata.com/en-global/products/productdetail?partno=GRM155R71H104KE14%23
C56,GRM21BR61E106KA73L,hub-lib:C_0805_2012Metric,1,,PORT4_VBUS,-0.95,0,1,1.45,https://www.murata.com/en-global/products/productdetail?partno=GRM21BR61E106KA73%23
C56,GRM21BR61E106KA73L,hub-lib:C_0805_2012Metric,2,,GND2,0.95,0,1,1.45,https://www.murata.com/en-global/products/productdetail?partno=GRM21BR61E106KA73%23
C57,GRM155R71H104KE14D,hub-lib:C_0402_1005Metric,1,,PORT4_VBUS,-0.48,0,0.56,0.62,https://www.murata.com/en-global/products/productdetail?partno=GRM155R71H104KE14%23
C57,GRM155R71H104KE14D,hub-lib:C_0402_1005Metric,2,,GND2,0.48,0,0.56,0.62,https://www.murata.com/en-global/products/productdetail?partno=GRM155R71H104KE14%23
R104,ERJ2RKF1003X,hub-lib:R_0402_1005Metric,1,,PORT4_EN,-0.51,0,0.54,0.64,https://industrial.panasonic.com/cdbs/www-data/pdf/RDA0000/AOA0000C307.pdf
R104,ERJ2RKF1003X,hub-lib:R_0402_1005Metric,2,,GND2,0.51,0,0.54,0.64,https://industrial.panasonic.com/cdbs/www-data/pdf/RDA0000/AOA0000C307.pdf
U21,TUSB320LAIRWBR,hub-lib:Texas_X2QFN-12_1.6x1.6mm_P0.4mm,1,CC1,PORT4_CC1,-0.725,-0.2,0.85,0.2,https://www.ti.com/lit/ds/symlink/tusb320lai.pdf
U21,TUSB320LAIRWBR,hub-lib:Texas_X2QFN-12_1.6x1.6mm_P0.4mm,2,CC2,PORT4_CC2,-0.725,0.2,0.85,0.2,https://www.ti.com/lit/ds/symlink/tusb320lai.pdf
U21,TUSB320LAIRWBR,hub-lib:Texas_X2QFN-12_1.6x1.6mm_P0.4mm,3,PORT,U21_PORT,-0.6,0.825,0.2,0.65,https://www.ti.com/lit/ds/symlink/tusb320lai.pdf
U21,TUSB320LAIRWBR,hub-lib:Texas_X2QFN-12_1.6x1.6mm_P0.4mm,4,VBUS_DET,PORT4_VDET,-0.2,0.825,0.2,0.65,https://www.ti.com/lit/ds/symlink/tusb320lai.pdf
U21,TUSB320LAIRWBR,hub-lib:Texas_X2QFN-12_1.6x1.6mm_P0.4mm,5,ADDR,NC,0.2,0.825,0.2,0.65,https://www.ti.com/lit/ds/symlink/tusb320lai.pdf
U21,TUSB320LAIRWBR,hub-lib:Texas_X2QFN-12_1.6x1.6mm_P0.4mm,6,OUT3,NC,0.6,0.825,0.2,0.65,https://www.ti.com/lit/ds/symlink/tusb320lai.pdf
U21,TUSB320LAIRWBR,hub-lib:Texas_X2QFN-12_1.6x1.6mm_P0.4mm,7,OUT1,NC,0.725,0.2,0.85,0.2,https://www.ti.com/lit/ds/symlink/tusb320lai.pdf
U21,TUSB320LAIRWBR,hub-lib:Texas_X2QFN-12_1.6x1.6mm_P0.4mm,8,OUT2,NC,0.725,-0.2,0.85,0.2,https://www.ti.com/lit/ds/symlink/tusb320lai.pdf
U21,TUSB320LAIRWBR,hub-lib:Texas_X2QFN-12_1.6x1.6mm_P0.4mm,9,ID,PORT4_ID_N,0.6,-0.825,0.2,0.65,https://www.ti.com/lit/ds/symlink/tusb320lai.pdf
U21,TUSB320LAIRWBR,hub-lib:Texas_X2QFN-12_1.6x1.6mm_P0.4mm,10,GND,GND2,0.2,-0.825,0.2,0.65,https://www.ti.com/lit/ds/symlink/tusb320lai.pdf
U21,TUSB320LAIRWBR,hub-lib:Texas_X2QFN-12_1.6x1.6mm_P0.4mm,11,EN_N,GND2,-0.2,-0.825,0.2,0.65,https://www.ti.com/lit/ds/symlink/tusb320lai.pdf
U21,TUSB320LAIRWBR,hub-lib:Texas_X2QFN-12_1.6x1.6mm_P0.4mm,12,VDD,ISO_3V3,-0.6,-0.825,0.2,0.65,https://www.ti.com/lit/ds/symlink/tusb320lai.pdf
R75,ERJ2RKF4701X,hub-lib:R_0402_1005Metric,1,,ISO_3V3,-0.51,0,0.54,0.64,https://industrial.panasonic.com/cdbs/www-data/pdf/RDA0000/AOA0000C307.pdf
R75,ERJ2RKF4701X,hub-lib:R_0402_1005Metric,2,,U21_PORT,0.51,0,0.54,0.64,https://industrial.panasonic.com/cdbs/www-data/pdf/RDA0000/AOA0000C307.pdf
R76,ERJ2RKF1002X,hub-lib:R_0402_1005Metric,1,,ISO_3V3,-0.51,0,0.54,0.64,https://industrial.panasonic.com/cdbs/www-data/pdf/RDA0000/AOA0000C307.pdf
R76,ERJ2RKF1002X,hub-lib:R_0402_1005Metric,2,,PORT4_ID_N,0.51,0,0.54,0.64,https://industrial.panasonic.com/cdbs/www-data/pdf/RDA0000/AOA0000C307.pdf
R77,ERJ2RKF9093X,hub-lib:R_0402_1005Metric,1,,PORT4_VBUS,-0.51,0,0.54,0.64,https://industrial.panasonic.com/cdbs/www-data/pdf/RDA0000/AOA0000C307.pdf
R77,ERJ2RKF9093X,hub-lib:R_0402_1005Metric,2,,PORT4_VDET,0.51,0,0.54,0.64,https://industrial.panasonic.com/cdbs/www-data/pdf/RDA0000/AOA0000C307.pdf
U36,SN74LVC1G04DBVR,hub-lib:SOT-23-5,1,NC,NC,-1.1375,-0.95,1.325,0.6,https://www.ti.com/lit/ds/symlink/sn74lvc1g04.pdf
U36,SN74LVC1G04DBVR,hub-lib:SOT-23-5,2,,PORT4_ID_N,-1.1375,0,1.325,0.6,https://www.ti.com/lit/ds/symlink/sn74lvc1g04.pdf
U36,SN74LVC1G04DBVR,hub-lib:SOT-23-5,3,GND,GND2,-1.1375,0.95,1.325,0.6,https://www.ti.com/lit/ds/symlink/sn74lvc1g04.pdf
U36,SN74LVC1G04DBVR,hub-lib:SOT-23-5,4,,PORT4_ATTACHED,1.1375,0.95,1.325,0.6,https://www.ti.com/lit/ds/symlink/sn74lvc1g04.pdf
U36,SN74LVC1G04DBVR,hub-lib:SOT-23-5,5,VCC,ISO_3V3,1.1375,-0.95,1.325,0.6,https://www.ti.com/lit/ds/symlink/sn74lvc1g04.pdf
U38,SN74LVC1G08DBVR,hub-lib:SOT-23-5,1,,PRTPWR4,-1.1375,-0.95,1.325,0.6,https://www.ti.com/lit/ds/symlink/sn74lvc1g08.pdf
U38,SN74LVC1G08DBVR,hub-lib:SOT-23-5,2,,PORT4_ATTACHED,-1.1375,0,1.325,0.6,https://www.ti.com/lit/ds/symlink/sn74lvc1g08.pdf
U38,SN74LVC1G08DBVR,hub-lib:SOT-23-5,3,GND,GND2,-1.1375,0.95,1.325,0.6,https://www.ti.com/lit/ds/symlink/sn74lvc1g08.pdf
U38,SN74LVC1G08DBVR,hub-lib:SOT-23-5,4,,PORT4_EN,1.1375,0.95,1.325,0.6,https://www.ti.com/lit/ds/symlink/sn74lvc1g08.pdf
U38,SN74LVC1G08DBVR,hub-lib:SOT-23-5,5,VCC,ISO_3V3,1.1375,-0.95,1.325,0.6,https://www.ti.com/lit/ds/symlink/sn74lvc1g08.pdf
U40,SN74LVC1G04DBVR,hub-lib:SOT-23-5,1,NC,NC,-1.1375,-0.95,1.325,0.6,https://www.ti.com/lit/ds/symlink/sn74lvc1g04.pdf
U40,SN74LVC1G04DBVR,hub-lib:SOT-23-5,2,,PORT4_EN,-1.1375,0,1.325,0.6,https://www.ti.com/lit/ds/symlink/sn74lvc1g04.pdf
U40,SN74LVC1G04DBVR,hub-lib:SOT-23-5,3,GND,GND2,-1.1375,0.95,1.325,0.6,https://www.ti.com/lit/ds/symlink/sn74lvc1g04.pdf
U40,SN74LVC1G04DBVR,hub-lib:SOT-23-5,4,,PORT4_DISCHARGE,1.1375,0.95,1.325,0.6,https://www.ti.com/lit/ds/symlink/sn74lvc1g04.pdf
U40,SN74LVC1G04DBVR,hub-lib:SOT-23-5,5,VCC,ISO_3V3,1.1375,-0.95,1.325,0.6,https://www.ti.com/lit/ds/symlink/sn74lvc1g04.pdf
Q6,"2N7002,215",hub-lib:SOT-23,1,G,PORT4_DISCHARGE,-0.9375,-0.95,1.475,0.6,https://assets.nexperia.com/documents/data-sheet/2N7002.pdf
Q6,"2N7002,215",hub-lib:SOT-23,2,S,GND2,-0.9375,0.95,1.475,0.6,https://assets.nexperia.com/documents/data-sheet/2N7002.pdf
Q6,"2N7002,215",hub-lib:SOT-23,3,D,PORT4_DISCHARGE_D,0.9375,0,1.475,0.6,https://assets.nexperia.com/documents/data-sheet/2N7002.pdf
R120,ERJ2RKF1002X,hub-lib:R_0402_1005Metric,1,,PORT4_VBUS,-0.51,0,0.54,0.64,https://industrial.panasonic.com/cdbs/www-data/pdf/RDA0000/AOA0000C307.pdf
R120,ERJ2RKF1002X,hub-lib:R_0402_1005Metric,2,,GND2,0.51,0,0.54,0.64,https://industrial.panasonic.com/cdbs/www-data/pdf/RDA0000/AOA0000C307.pdf
R82,ERJ6ENF1000V,hub-lib:R_0805_2012Metric,1,,PORT4_VBUS,-0.9125,0,1.025,1.4,https://industrial.panasonic.com/cdbs/www-data/pdf/RDA0000/AOA0000C307.pdf
R82,ERJ6ENF1000V,hub-lib:R_0805_2012Metric,2,,PORT4_DISCHARGE_D,0.9125,0,1.025,1.4,https://industrial.panasonic.com/cdbs/www-data/pdf/RDA0000/AOA0000C307.pdf
C103,GRM155R71H104KE14D,hub-lib:C_0402_1005Metric,1,,ISO_3V3,-0.48,0,0.56,0.62,https://www.murata.com/en-global/products/productdetail?partno=GRM155R71H104KE14%23
C103,GRM155R71H104KE14D,hub-lib:C_0402_1005Metric,2,,GND2,0.48,0,0.56,0.62,https://www.murata.com/en-global/products/productdetail?partno=GRM155R71H104KE14%23
C104,GRM155R71H104KE14D,hub-lib:C_0402_1005Metric,1,,ISO_3V3,-0.48,0,0.56,0.62,https://www.murata.com/en-global/products/productdetail?partno=GRM155R71H104KE14%23
C104,GRM155R71H104KE14D,hub-lib:C_0402_1005Metric,2,,GND2,0.48,0,0.56,0.62,https://www.murata.com/en-global/products/productdetail?partno=GRM155R71H104KE14%23
C105,GRM155R71H104KE14D,hub-lib:C_0402_1005Metric,1,,ISO_3V3,-0.48,0,0.56,0.62,https://www.murata.com/en-global/products/productdetail?partno=GRM155R71H104KE14%23
C105,GRM155R71H104KE14D,hub-lib:C_0402_1005Metric,2,,GND2,0.48,0,0.56,0.62,https://www.murata.com/en-global/products/productdetail?partno=GRM155R71H104KE14%23
C106,GRM155R71H104KE14D,hub-lib:C_0402_1005Metric,1,,ISO_3V3,-0.48,0,0.56,0.62,https://www.murata.com/en-global/products/productdetail?partno=GRM155R71H104KE14%23
C106,GRM155R71H104KE14D,hub-lib:C_0402_1005Metric,2,,GND2,0.48,0,0.56,0.62,https://www.murata.com/en-global/products/productdetail?partno=GRM155R71H104KE14%23
D1,T6V0S5A-7,hub-lib:D_SOD-523,1,K,VBUS_HOST,-0.7,0,0.6,0.7,https://www.diodes.com/assets/Datasheets/T6V0S5A.pdf
D1,T6V0S5A-7,hub-lib:D_SOD-523,2,A,GND1,0.7,0,0.6,0.7,https://www.diodes.com/assets/Datasheets/T6V0S5A.pdf
D5,T6V0S5A-7,hub-lib:D_SOD-523,1,K,EXT_5V,-0.7,0,0.6,0.7,https://www.diodes.com/assets/Datasheets/T6V0S5A.pdf
D5,T6V0S5A-7,hub-lib:D_SOD-523,2,A,GND2,0.7,0,0.6,0.7,https://www.diodes.com/assets/Datasheets/T6V0S5A.pdf
D8,T6V0S5A-7,hub-lib:D_SOD-523,1,K,PORT1_VBUS,-0.7,0,0.6,0.7,https://www.diodes.com/assets/Datasheets/T6V0S5A.pdf
D8,T6V0S5A-7,hub-lib:D_SOD-523,2,A,GND2,0.7,0,0.6,0.7,https://www.diodes.com/assets/Datasheets/T6V0S5A.pdf
D9,T6V0S5A-7,hub-lib:D_SOD-523,1,K,PORT2_VBUS,-0.7,0,0.6,0.7,https://www.diodes.com/assets/Datasheets/T6V0S5A.pdf
D9,T6V0S5A-7,hub-lib:D_SOD-523,2,A,GND2,0.7,0,0.6,0.7,https://www.diodes.com/assets/Datasheets/T6V0S5A.pdf
D10,T6V0S5A-7,hub-lib:D_SOD-523,1,K,PORT3_VBUS,-0.7,0,0.6,0.7,https://www.diodes.com/assets/Datasheets/T6V0S5A.pdf
D10,T6V0S5A-7,hub-lib:D_SOD-523,2,A,GND2,0.7,0,0.6,0.7,https://www.diodes.com/assets/Datasheets/T6V0S5A.pdf
D13,T6V0S5A-7,hub-lib:D_SOD-523,1,K,PORT4_VBUS,-0.7,0,0.6,0.7,https://www.diodes.com/assets/Datasheets/T6V0S5A.pdf
D13,T6V0S5A-7,hub-lib:D_SOD-523,2,A,GND2,0.7,0,0.6,0.7,https://www.diodes.com/assets/Datasheets/T6V0S5A.pdf
R9,ERJ2RKF3301X,hub-lib:R_0402_1005Metric,1,,HOST_3V3,-0.51,0,0.54,0.64,https://industrial.panasonic.com/cdbs/www-data/pdf/RDA0000/AOA0000C307.pdf
R9,ERJ2RKF3301X,hub-lib:R_0402_1005Metric,2,,D2_A,0.51,0,0.54,0.64,https://industrial.panasonic.com/cdbs/www-data/pdf/RDA0000/AOA0000C307.pdf
D2,LTST-C190KGKT,hub-lib:LED_0603_1608Metric,1,K,D2_K,-0.7875,0,0.875,0.95,https://optoelectronics.liteon.com/upload/download/DS22-2000-213/LTST-C190KGKT.pdf
D2,LTST-C190KGKT,hub-lib:LED_0603_1608Metric,2,A,D2_A,0.7875,0,0.875,0.95,https://optoelectronics.liteon.com/upload/download/DS22-2000-213/LTST-C190KGKT.pdf
Q2,"2N7002,215",hub-lib:SOT-23,1,G,HOST_PWR_OK,-0.9375,-0.95,1.475,0.6,https://assets.nexperia.com/documents/data-sheet/2N7002.pdf
Q2,"2N7002,215",hub-lib:SOT-23,2,S,GND1,-0.9375,0.95,1.475,0.6,https://assets.nexperia.com/documents/data-sheet/2N7002.pdf
Q2,"2N7002,215",hub-lib:SOT-23,3,D,D2_K,0.9375,0,1.475,0.6,https://assets.nexperia.com/documents/data-sheet/2N7002.pdf
R29,ERJ2RKF3301X,hub-lib:R_0402_1005Metric,1,,ISO_3V3,-0.51,0,0.54,0.64,https://industrial.panasonic.com/cdbs/www-data/pdf/RDA0000/AOA0000C307.pdf
R29,ERJ2RKF3301X,hub-lib:R_0402_1005Metric,2,,D6_A,0.51,0,0.54,0.64,https://industrial.panasonic.com/cdbs/www-data/pdf/RDA0000/AOA0000C307.pdf
D6,LTST-C190KGKT,hub-lib:LED_0603_1608Metric,1,K,D6_K,-0.7875,0,0.875,0.95,https://optoelectronics.liteon.com/upload/download/DS22-2000-213/LTST-C190KGKT.pdf
D6,LTST-C190KGKT,hub-lib:LED_0603_1608Metric,2,A,D6_A,0.7875,0,0.875,0.95,https://optoelectronics.liteon.com/upload/download/DS22-2000-213/LTST-C190KGKT.pdf
Q3,"2N7002,215",hub-lib:SOT-23,1,G,EXT_SELECTED,-0.9375,-0.95,1.475,0.6,https://assets.nexperia.com/documents/data-sheet/2N7002.pdf
Q3,"2N7002,215",hub-lib:SOT-23,2,S,GND2,-0.9375,0.95,1.475,0.6,https://assets.nexperia.com/documents/data-sheet/2N7002.pdf
Q3,"2N7002,215",hub-lib:SOT-23,3,D,D6_K,0.9375,0,1.475,0.6,https://assets.nexperia.com/documents/data-sheet/2N7002.pdf
R30,ERJ2RKF3301X,hub-lib:R_0402_1005Metric,1,,ISO_3V3,-0.51,0,0.54,0.64,https://industrial.panasonic.com/cdbs/www-data/pdf/RDA0000/AOA0000C307.pdf
R30,ERJ2RKF3301X,hub-lib:R_0402_1005Metric,2,,D7_A,0.51,0,0.54,0.64,https://industrial.panasonic.com/cdbs/www-data/pdf/RDA0000/AOA0000C307.pdf
D7,LTST-C190KGKT,hub-lib:LED_0603_1608Metric,1,K,D7_K,-0.7875,0,0.875,0.95,https://optoelectronics.liteon.com/upload/download/DS22-2000-213/LTST-C190KGKT.pdf
D7,LTST-C190KGKT,hub-lib:LED_0603_1608Metric,2,A,D7_A,0.7875,0,0.875,0.95,https://optoelectronics.liteon.com/upload/download/DS22-2000-213/LTST-C190KGKT.pdf
Q4,"2N7002,215",hub-lib:SOT-23,1,G,HOST_PRESENT,-0.9375,-0.95,1.475,0.6,https://assets.nexperia.com/documents/data-sheet/2N7002.pdf
Q4,"2N7002,215",hub-lib:SOT-23,2,S,GND2,-0.9375,0.95,1.475,0.6,https://assets.nexperia.com/documents/data-sheet/2N7002.pdf
Q4,"2N7002,215",hub-lib:SOT-23,3,D,D7_K,0.9375,0,1.475,0.6,https://assets.nexperia.com/documents/data-sheet/2N7002.pdf
